customer_id,age,gender,marital_status,income,employment_status,region,city_tier
CUST_0001,56,Male,Divorced,9629,Self-employed,East,Urban
CUST_0002,69,Male,Divorced,10325,Employed,South,Urban
CUST_0003,46,Female,Married,5138,Self-employed,West,Urban
CUST_0004,32,Female,Single,14111,Employed,East,Semi-Urban
CUST_0005,60,Female,Single,9693,Employed,West,Urban
CUST_0006,25,Female,Married,10264,Self-employed,West,Rural
CUST_0007,78,Female,Divorced,14686,Employed,East,Semi-Urban
CUST_0008,38,Male,Married,9842,Employed,South,Urban
CUST_0009,56,Male,Divorced,8721,Unemployed,East,Semi-Urban
CUST_0010,75,Male,Single,9002,Employed,East,Rural
CUST_0011,36,Male,Divorced,6225,Employed,West,Semi-Urban
CUST_0012,40,Female,Married,4978,Self-employed,East,Urban
CUST_0013,28,Male,Single,9373,Self-employed,South,Rural
CUST_0014,28,Female,Married,7907,Self-employed,East,Semi-Urban
CUST_0015,41,Male,Married,8097,Employed,South,Urban
CUST_0016,70,Female,Divorced,14553,Self-employed,South,Urban
CUST_0017,53,Female,Married,7656,Employed,West,Semi-Urban
CUST_0018,57,Male,Divorced,12177,Self-employed,North,Urban
CUST_0019,41,Male,Single,10984,Unemployed,North,Rural
CUST_0020,20,Male,Divorced,6259,Self-employed,West,Urban
CUST_0021,39,Male,Single,10286,Self-employed,East,Rural
CUST_0022,70,Female,Divorced,7901,Employed,West,Semi-Urban
CUST_0023,19,Male,Married,11325,Self-employed,South,Urban
CUST_0024,41,Male,Divorced,6917,Self-employed,North,Urban
CUST_0025,61,Female,Divorced,10429,Employed,West,Semi-Urban
CUST_0026,47,Male,Single,13138,Self-employed,East,Semi-Urban
CUST_0027,55,Male,Married,4530,Employed,West,Semi-Urban
CUST_0028,19,Male,Divorced,3960,Self-employed,North,Urban
CUST_0029,77,Male,Married,9045,Self-employed,West,Urban
CUST_0030,38,Male,Divorced,3048,Self-employed,West,Urban
CUST_0031,50,Female,Divorced,7772,Employed,North,Semi-Urban
CUST_0032,29,Male,Married,4529,Employed,South,Urban
CUST_0033,75,Male,Divorced,4964,Employed,South,Urban
CUST_0034,39,Male,Married,9137,Unemployed,North,Semi-Urban
CUST_0035,78,Male,Divorced,2963,Employed,West,Rural
CUST_0036,61,Male,Single,2536,Employed,North,Urban
CUST_0037,42,Female,Married,9340,Self-employed,South,Urban
CUST_0038,66,Male,Divorced,9179,Employed,East,Semi-Urban
CUST_0039,44,Female,Divorced,9967,Self-employed,West,Semi-Urban
CUST_0040,76,Female,Single,14415,Self-employed,South,Urban
CUST_0041,80,Male,Married,13871,Self-employed,West,Rural
CUST_0042,59,Male,Divorced,14379,Employed,North,Rural
CUST_0043,45,Male,Single,13916,Employed,East,Urban
CUST_0044,77,Male,Divorced,10734,Employed,North,Urban
CUST_0045,33,Female,Married,2845,Employed,East,Semi-Urban
CUST_0046,32,Male,Divorced,13795,Employed,West,Semi-Urban
CUST_0047,79,Male,Divorced,7777,Employed,West,Urban
CUST_0048,79,Male,Divorced,5036,Self-employed,North,Semi-Urban
CUST_0049,64,Male,Divorced,7947,Self-employed,East,Semi-Urban
CUST_0050,79,Male,Single,4494,Employed,East,Urban
CUST_0051,68,Male,Single,14677,Self-employed,West,Semi-Urban
CUST_0052,61,Female,Married,4719,Unemployed,North,Rural
CUST_0053,72,Female,Single,3884,Self-employed,East,Urban
CUST_0054,69,Male,Single,14330,Self-employed,West,Urban
CUST_0055,74,Male,Married,6349,Employed,South,Urban
CUST_0056,20,Male,Single,13393,Employed,North,Rural
CUST_0057,54,Female,Single,7179,Employed,South,Rural
CUST_0058,68,Male,Married,12902,Employed,North,Urban
CUST_0059,24,Female,Married,8610,Unemployed,West,Semi-Urban
CUST_0060,38,Male,Married,8430,Self-employed,East,Semi-Urban
CUST_0061,26,Male,Divorced,9154,Employed,East,Semi-Urban
CUST_0062,56,Male,Divorced,12145,Employed,East,Urban
CUST_0063,35,Male,Married,8488,Self-employed,North,Urban
CUST_0064,21,Female,Married,6737,Employed,West,Urban
CUST_0065,42,Female,Married,8525,Employed,South,Semi-Urban
CUST_0066,77,Male,Divorced,5850,Self-employed,West,Urban
CUST_0067,31,Male,Divorced,2689,Employed,South,Rural
CUST_0068,67,Female,Single,12142,Employed,North,Urban
CUST_0069,75,Female,Single,7175,Employed,North,Urban
CUST_0070,26,Female,Married,10648,Self-employed,South,Semi-Urban
CUST_0071,43,Female,Divorced,7078,Employed,South,Semi-Urban
CUST_0072,70,Male,Divorced,12322,Employed,South,Urban
CUST_0073,19,Female,Divorced,14168,Employed,West,Urban
CUST_0074,37,Male,Married,14436,Employed,South,Rural
CUST_0075,45,Female,Single,7448,Employed,North,Urban
CUST_0076,64,Female,Married,3179,Self-employed,North,Urban
CUST_0077,77,Female,Single,14477,Employed,East,Rural
CUST_0078,24,Female,Single,13757,Self-employed,South,Urban
CUST_0079,61,Female,Married,11074,Employed,West,Urban
CUST_0080,78,Male,Single,8406,Employed,West,Urban
CUST_0081,25,Male,Single,10591,Employed,West,Urban
CUST_0082,64,Female,Divorced,8907,Employed,East,Urban
CUST_0083,52,Female,Single,10800,Employed,North,Urban
CUST_0084,31,Male,Married,3638,Employed,West,Urban
CUST_0085,34,Female,Married,7671,Employed,North,Urban
CUST_0086,53,Female,Single,8928,Self-employed,East,Semi-Urban
CUST_0087,67,Male,Divorced,12340,Employed,South,Urban
CUST_0088,57,Female,Divorced,3382,Self-employed,South,Urban
CUST_0089,21,Female,Single,3403,Unemployed,South,Rural
CUST_0090,19,Male,Single,11011,Employed,West,Semi-Urban
CUST_0091,79,Male,Married,5292,Employed,South,Urban
CUST_0092,23,Male,Single,11011,Employed,West,Rural
CUST_0093,71,Female,Divorced,2419,Employed,East,Urban
CUST_0094,59,Male,Single,14411,Employed,East,Urban
CUST_0095,21,Male,Married,6517,Self-employed,West,Semi-Urban
CUST_0096,71,Male,Married,5302,Employed,North,Semi-Urban
CUST_0097,46,Male,Married,9857,Employed,South,Urban
CUST_0098,80,Male,Married,11700,Self-employed,South,Urban
CUST_0099,35,Male,Married,9870,Employed,South,Semi-Urban
CUST_0100,43,Female,Single,7693,Self-employed,West,Urban
CUST_0101,61,Female,Single,2767,Employed,East,Rural
CUST_0102,51,Male,Single,4044,Employed,South,Urban
CUST_0103,27,Male,Single,12331,Employed,East,Rural
CUST_0104,79,Male,Married,13221,Employed,South,Semi-Urban
CUST_0105,53,Female,Divorced,3549,Unemployed,South,Rural
CUST_0106,31,Female,Single,11956,Employed,West,Semi-Urban
CUST_0107,48,Female,Divorced,8140,Unemployed,North,Semi-Urban
CUST_0108,65,Female,Single,12837,Employed,West,Urban
CUST_0109,32,Female,Single,5716,Employed,South,Urban
CUST_0110,25,Female,Divorced,14797,Employed,South,Urban
CUST_0111,31,Female,Married,6481,Employed,North,Rural
CUST_0112,40,Female,Single,9898,Unemployed,East,Rural
CUST_0113,77,Female,Single,8548,Employed,East,Urban
CUST_0114,74,Male,Single,4293,Employed,South,Urban
CUST_0115,79,Male,Divorced,6837,Employed,East,Urban
CUST_0116,57,Male,Married,9758,Employed,South,Semi-Urban
CUST_0117,38,Male,Divorced,12900,Employed,North,Urban
CUST_0118,33,Female,Divorced,8793,Employed,North,Semi-Urban
CUST_0119,62,Female,Married,9638,Self-employed,South,Rural
CUST_0120,35,Male,Divorced,9993,Employed,North,Urban
CUST_0121,64,Female,Married,8007,Employed,West,Urban
CUST_0122,70,Male,Single,7542,Employed,West,Urban
CUST_0123,41,Female,Married,11092,Employed,North,Urban
CUST_0124,43,Male,Single,13276,Unemployed,South,Urban
CUST_0125,42,Female,Divorced,8356,Employed,South,Urban
CUST_0126,77,Female,Divorced,12201,Employed,North,Rural
CUST_0127,77,Male,Single,10433,Self-employed,East,Urban
CUST_0128,77,Female,Divorced,9380,Employed,West,Urban
CUST_0129,62,Male,Married,4385,Employed,East,Rural
CUST_0130,58,Male,Single,6268,Unemployed,South,Semi-Urban
CUST_0131,46,Male,Divorced,2671,Self-employed,South,Urban
CUST_0132,32,Male,Single,2163,Unemployed,East,Semi-Urban
CUST_0133,62,Female,Married,10656,Employed,North,Urban
CUST_0134,18,Female,Married,13234,Employed,East,Semi-Urban
CUST_0135,42,Female,Divorced,6592,Employed,East,Semi-Urban
CUST_0136,24,Male,Married,6795,Employed,West,Semi-Urban
CUST_0137,26,Female,Single,12634,Self-employed,West,Urban
CUST_0138,41,Male,Married,6798,Employed,East,Rural
CUST_0139,18,Female,Single,8036,Self-employed,East,Urban
CUST_0140,61,Female,Single,4355,Self-employed,South,Urban
CUST_0141,25,Female,Married,7887,Employed,West,Urban
CUST_0142,41,Male,Divorced,14470,Employed,West,Urban
CUST_0143,80,Female,Married,14916,Self-employed,South,Urban
CUST_0144,28,Female,Single,9961,Employed,North,Rural
CUST_0145,68,Male,Single,12749,Self-employed,West,Rural
CUST_0146,34,Female,Married,7827,Employed,West,Urban
CUST_0147,25,Male,Divorced,10737,Employed,North,Urban
CUST_0148,52,Female,Divorced,6719,Employed,West,Urban
CUST_0149,52,Male,Single,14027,Unemployed,West,Urban
CUST_0150,50,Male,Single,2593,Employed,North,Urban
CUST_0151,76,Female,Divorced,6839,Self-employed,North,Rural
CUST_0152,22,Male,Married,9394,Employed,East,Urban
CUST_0153,59,Male,Single,13996,Self-employed,South,Urban
CUST_0154,56,Male,Single,11651,Self-employed,South,Urban
CUST_0155,75,Male,Divorced,5493,Employed,North,Rural
CUST_0156,58,Male,Married,12793,Employed,North,Semi-Urban
CUST_0157,45,Male,Divorced,8164,Self-employed,West,Rural
CUST_0158,24,Female,Married,12636,Employed,East,Semi-Urban
CUST_0159,26,Male,Married,4672,Self-employed,East,Urban
CUST_0160,25,Male,Married,6200,Employed,North,Urban
CUST_0161,29,Female,Single,2016,Self-employed,West,Semi-Urban
CUST_0162,51,Female,Divorced,5191,Self-employed,West,Urban
CUST_0163,50,Female,Divorced,2392,Unemployed,South,Semi-Urban
CUST_0164,65,Female,Married,10616,Employed,South,Urban
CUST_0165,72,Female,Single,8272,Employed,West,Urban
CUST_0166,40,Female,Single,2571,Employed,South,Semi-Urban
CUST_0167,79,Female,Divorced,5631,Employed,North,Semi-Urban
CUST_0168,41,Male,Single,8172,Employed,West,Semi-Urban
CUST_0169,54,Male,Single,11312,Employed,South,Urban
CUST_0170,52,Female,Married,9177,Self-employed,East,Semi-Urban
CUST_0171,61,Male,Single,10433,Employed,West,Urban
CUST_0172,57,Male,Married,5897,Employed,West,Urban
CUST_0173,39,Male,Divorced,14287,Self-employed,East,Urban
CUST_0174,44,Female,Single,10123,Employed,North,Urban
CUST_0175,52,Female,Divorced,4279,Employed,East,Urban
CUST_0176,18,Male,Divorced,10980,Unemployed,West,Urban
CUST_0177,52,Female,Single,9451,Unemployed,North,Urban
CUST_0178,54,Male,Single,10906,Employed,South,Urban
CUST_0179,64,Male,Divorced,13041,Employed,South,Urban
CUST_0180,31,Male,Single,2775,Self-employed,South,Urban
CUST_0181,20,Male,Married,14218,Employed,West,Urban
CUST_0182,18,Female,Married,8869,Employed,East,Semi-Urban
CUST_0183,22,Female,Single,4247,Employed,North,Urban
CUST_0184,43,Female,Divorced,9088,Employed,South,Urban
CUST_0185,72,Male,Single,2078,Employed,North,Urban
CUST_0186,80,Female,Single,10080,Employed,West,Semi-Urban
CUST_0187,31,Male,Divorced,9099,Self-employed,South,Rural
CUST_0188,56,Female,Divorced,5926,Unemployed,West,Semi-Urban
CUST_0189,44,Male,Married,11047,Employed,East,Semi-Urban
CUST_0190,26,Male,Divorced,9340,Self-employed,West,Urban
CUST_0191,32,Male,Married,9083,Self-employed,West,Semi-Urban
CUST_0192,32,Female,Divorced,8230,Employed,East,Semi-Urban
CUST_0193,43,Female,Single,12340,Employed,North,Urban
CUST_0194,59,Female,Married,11223,Self-employed,East,Urban
CUST_0195,77,Female,Married,6940,Employed,East,Urban
CUST_0196,30,Male,Married,5271,Self-employed,West,Rural
CUST_0197,68,Female,Single,13768,Employed,North,Semi-Urban
CUST_0198,80,Female,Single,14374,Unemployed,South,Semi-Urban
CUST_0199,49,Male,Single,5456,Employed,East,Urban
CUST_0200,56,Male,Single,9788,Employed,North,Urban
CUST_0201,66,Male,Single,13698,Self-employed,East,Urban
CUST_0202,69,Female,Married,10599,Employed,East,Urban
CUST_0203,78,Male,Single,9650,Employed,East,Rural
CUST_0204,49,Male,Married,4711,Employed,East,Semi-Urban
CUST_0205,21,Male,Single,13280,Employed,West,Urban
CUST_0206,47,Female,Divorced,3668,Employed,North,Rural
CUST_0207,54,Male,Married,2147,Unemployed,North,Urban
CUST_0208,40,Female,Divorced,8420,Employed,North,Rural
CUST_0209,56,Female,Married,14519,Self-employed,East,Urban
CUST_0210,62,Male,Divorced,14089,Self-employed,West,Urban
CUST_0211,32,Male,Single,12142,Unemployed,East,Urban
CUST_0212,60,Female,Single,2365,Employed,East,Urban
CUST_0213,46,Male,Single,11866,Self-employed,North,Urban
CUST_0214,53,Male,Married,6531,Employed,East,Semi-Urban
CUST_0215,30,Female,Divorced,14686,Self-employed,South,Rural
CUST_0216,49,Female,Single,7330,Self-employed,East,Semi-Urban
CUST_0217,24,Male,Divorced,7510,Self-employed,South,Urban
CUST_0218,76,Female,Divorced,12738,Employed,East,Semi-Urban
CUST_0219,68,Male,Single,10754,Self-employed,West,Urban
CUST_0220,39,Male,Single,13754,Employed,West,Urban
CUST_0221,45,Male,Divorced,12681,Self-employed,North,Semi-Urban
CUST_0222,19,Female,Single,10964,Unemployed,East,Semi-Urban
CUST_0223,59,Male,Single,8493,Employed,South,Urban
CUST_0224,62,Male,Single,12229,Unemployed,South,Urban
CUST_0225,79,Male,Married,13615,Employed,East,Rural
CUST_0226,74,Female,Divorced,12759,Employed,South,Urban
CUST_0227,70,Female,Divorced,7439,Employed,West,Urban
CUST_0228,23,Female,Married,11765,Employed,South,Semi-Urban
CUST_0229,45,Female,Divorced,13886,Self-employed,North,Urban
CUST_0230,45,Female,Single,8511,Employed,West,Urban
CUST_0231,61,Male,Divorced,13483,Employed,West,Urban
CUST_0232,61,Female,Single,9504,Unemployed,West,Semi-Urban
CUST_0233,37,Female,Married,3246,Self-employed,East,Semi-Urban
CUST_0234,47,Female,Single,13911,Self-employed,East,Semi-Urban
CUST_0235,79,Male,Divorced,5839,Self-employed,West,Rural
CUST_0236,28,Female,Divorced,10551,Self-employed,East,Semi-Urban
CUST_0237,75,Female,Divorced,4376,Employed,South,Urban
CUST_0238,72,Male,Married,5009,Employed,East,Urban
CUST_0239,45,Female,Married,13185,Self-employed,East,Semi-Urban
CUST_0240,42,Male,Divorced,11154,Employed,West,Semi-Urban
CUST_0241,56,Male,Single,13824,Self-employed,North,Semi-Urban
CUST_0242,79,Male,Married,3827,Employed,North,Semi-Urban
CUST_0243,50,Male,Divorced,8979,Employed,North,Urban
CUST_0244,18,Male,Divorced,11805,Employed,South,Urban
CUST_0245,74,Female,Married,11832,Self-employed,East,Urban
CUST_0246,44,Male,Married,12408,Employed,North,Urban
CUST_0247,79,Male,Married,14504,Self-employed,West,Urban
CUST_0248,74,Female,Single,10569,Employed,North,Semi-Urban
CUST_0249,69,Male,Single,14406,Employed,North,Semi-Urban
CUST_0250,30,Female,Divorced,6285,Self-employed,East,Urban
CUST_0251,58,Female,Married,8910,Self-employed,East,Urban
CUST_0252,20,Female,Single,10561,Employed,East,Urban
CUST_0253,56,Male,Married,4196,Self-employed,South,Urban
CUST_0254,23,Male,Divorced,5747,Employed,South,Semi-Urban
CUST_0255,25,Male,Single,10843,Employed,North,Semi-Urban
CUST_0256,44,Female,Single,7978,Employed,East,Semi-Urban
CUST_0257,26,Male,Single,7607,Self-employed,North,Semi-Urban
CUST_0258,79,Male,Divorced,2769,Self-employed,West,Semi-Urban
CUST_0259,54,Male,Married,12613,Employed,West,Urban
CUST_0260,50,Female,Single,2780,Self-employed,East,Urban
CUST_0261,68,Female,Divorced,11908,Employed,East,Urban
CUST_0262,59,Male,Married,8303,Employed,West,Rural
CUST_0263,61,Male,Divorced,5983,Employed,East,Urban
CUST_0264,41,Male,Married,11503,Employed,South,Urban
CUST_0265,32,Male,Divorced,13551,Employed,South,Rural
CUST_0266,76,Female,Married,10714,Employed,East,Rural
CUST_0267,71,Female,Single,2521,Self-employed,West,Semi-Urban
CUST_0268,49,Female,Married,12512,Employed,North,Urban
CUST_0269,49,Female,Divorced,11127,Employed,East,Urban
CUST_0270,41,Male,Divorced,9569,Employed,East,Urban
CUST_0271,58,Male,Married,12422,Employed,North,Urban
CUST_0272,69,Male,Single,14232,Employed,East,Urban
CUST_0273,66,Female,Single,7784,Self-employed,North,Urban
CUST_0274,79,Male,Married,6583,Employed,West,Rural
CUST_0275,66,Female,Married,7946,Self-employed,South,Urban
CUST_0276,75,Female,Divorced,6941,Self-employed,West,Semi-Urban
CUST_0277,69,Male,Single,8267,Employed,South,Semi-Urban
CUST_0278,29,Male,Married,9128,Self-employed,North,Urban
CUST_0279,79,Male,Single,13889,Employed,South,Semi-Urban
CUST_0280,56,Female,Married,13029,Self-employed,West,Urban
CUST_0281,19,Male,Married,14275,Employed,South,Urban
CUST_0282,20,Female,Single,4461,Employed,North,Semi-Urban
CUST_0283,66,Male,Married,13435,Employed,South,Urban
CUST_0284,54,Female,Married,13551,Employed,East,Rural
CUST_0285,66,Female,Divorced,2685,Employed,West,Urban
CUST_0286,73,Male,Married,4160,Employed,East,Semi-Urban
CUST_0287,34,Female,Married,9031,Employed,North,Urban
CUST_0288,76,Female,Married,14180,Unemployed,South,Urban
CUST_0289,66,Male,Divorced,14258,Self-employed,East,Urban
CUST_0290,19,Female,Single,11759,Employed,East,Semi-Urban
CUST_0291,19,Male,Divorced,7341,Employed,South,Rural
CUST_0292,45,Female,Divorced,2038,Self-employed,South,Rural
CUST_0293,71,Male,Single,12736,Self-employed,West,Urban
CUST_0294,40,Male,Divorced,6875,Self-employed,East,Semi-Urban
CUST_0295,54,Female,Single,3256,Employed,East,Semi-Urban
CUST_0296,49,Female,Divorced,13182,Employed,North,Semi-Urban
CUST_0297,50,Female,Single,9697,Employed,West,Urban
CUST_0298,18,Female,Married,4196,Employed,North,Semi-Urban
CUST_0299,36,Female,Divorced,13660,Self-employed,East,Rural
CUST_0300,79,Male,Divorced,9165,Self-employed,North,Urban
CUST_0301,19,Female,Divorced,12900,Employed,East,Rural
CUST_0302,70,Male,Divorced,2301,Self-employed,East,Semi-Urban
CUST_0303,61,Male,Married,9527,Employed,North,Urban
CUST_0304,43,Female,Divorced,8381,Employed,North,Urban
CUST_0305,49,Male,Married,2646,Employed,South,Urban
CUST_0306,23,Male,Married,14950,Unemployed,South,Semi-Urban
CUST_0307,49,Male,Married,11951,Employed,South,Rural
CUST_0308,72,Male,Married,14543,Unemployed,East,Urban
CUST_0309,21,Female,Single,10789,Self-employed,North,Rural
CUST_0310,72,Male,Single,10853,Employed,West,Rural
CUST_0311,28,Female,Divorced,6330,Employed,East,Urban
CUST_0312,73,Female,Single,11560,Self-employed,West,Rural
CUST_0313,76,Male,Single,12773,Employed,North,Rural
CUST_0314,34,Female,Divorced,9003,Unemployed,East,Semi-Urban
CUST_0315,80,Female,Divorced,14060,Unemployed,West,Semi-Urban
CUST_0316,55,Female,Divorced,5537,Employed,West,Rural
CUST_0317,41,Male,Single,14500,Employed,South,Semi-Urban
CUST_0318,22,Female,Single,6558,Unemployed,South,Urban
CUST_0319,69,Female,Divorced,8579,Self-employed,South,Rural
CUST_0320,51,Female,Married,10474,Employed,East,Semi-Urban
CUST_0321,23,Male,Divorced,13870,Employed,North,Semi-Urban
CUST_0322,39,Female,Married,11678,Employed,North,Urban
CUST_0323,28,Male,Married,6082,Unemployed,South,Semi-Urban
CUST_0324,80,Male,Divorced,6183,Self-employed,South,Urban
CUST_0325,65,Male,Divorced,10652,Self-employed,South,Rural
CUST_0326,33,Male,Divorced,12517,Employed,West,Urban
CUST_0327,50,Male,Single,5754,Employed,South,Urban
CUST_0328,26,Male,Married,12660,Self-employed,West,Urban
CUST_0329,77,Female,Single,3724,Employed,North,Urban
CUST_0330,76,Male,Single,3376,Employed,East,Semi-Urban
CUST_0331,23,Female,Divorced,12935,Employed,East,Rural
CUST_0332,33,Female,Single,10706,Self-employed,East,Rural
CUST_0333,46,Male,Divorced,10894,Unemployed,East,Urban
CUST_0334,20,Female,Married,3653,Employed,West,Urban
CUST_0335,37,Female,Divorced,4066,Employed,West,Rural
CUST_0336,77,Female,Single,2022,Self-employed,South,Rural
CUST_0337,76,Female,Single,4460,Unemployed,West,Urban
CUST_0338,53,Male,Divorced,7926,Employed,South,Urban
CUST_0339,36,Female,Divorced,8251,Employed,South,Urban
CUST_0340,43,Male,Single,11496,Employed,East,Rural
CUST_0341,20,Female,Married,9295,Self-employed,West,Semi-Urban
CUST_0342,80,Female,Married,5300,Employed,West,Urban
CUST_0343,36,Male,Divorced,8279,Employed,South,Urban
CUST_0344,37,Female,Married,10553,Self-employed,South,Rural
CUST_0345,49,Female,Single,9353,Self-employed,North,Urban
CUST_0346,24,Female,Divorced,5727,Employed,North,Urban
CUST_0347,69,Male,Single,8272,Self-employed,South,Semi-Urban
CUST_0348,58,Female,Single,7995,Employed,North,Urban
CUST_0349,50,Male,Married,11476,Employed,North,Urban
CUST_0350,57,Female,Divorced,2514,Employed,South,Rural
CUST_0351,56,Male,Divorced,2448,Self-employed,South,Rural
CUST_0352,35,Male,Married,8019,Employed,West,Rural
CUST_0353,57,Female,Single,7343,Self-employed,South,Rural
CUST_0354,18,Female,Single,12047,Self-employed,South,Semi-Urban
CUST_0355,28,Male,Single,10033,Self-employed,East,Rural
CUST_0356,45,Male,Single,13754,Self-employed,West,Urban
CUST_0357,74,Female,Divorced,4520,Self-employed,West,Semi-Urban
CUST_0358,42,Male,Divorced,5081,Employed,West,Rural
CUST_0359,67,Female,Married,3428,Employed,East,Urban
CUST_0360,40,Female,Married,5967,Unemployed,South,Urban
CUST_0361,48,Female,Divorced,8445,Employed,West,Urban
CUST_0362,47,Female,Divorced,11114,Self-employed,West,Urban
CUST_0363,59,Male,Single,13329,Unemployed,North,Urban
CUST_0364,52,Female,Single,4159,Employed,West,Rural
CUST_0365,24,Male,Married,7132,Self-employed,South,Rural
CUST_0366,77,Female,Divorced,4547,Employed,South,Urban
CUST_0367,33,Male,Married,4979,Employed,North,Urban
CUST_0368,43,Female,Divorced,12473,Employed,West,Urban
CUST_0369,65,Male,Single,4649,Employed,West,Rural
CUST_0370,74,Male,Married,10505,Self-employed,West,Urban
CUST_0371,69,Female,Married,12805,Self-employed,East,Urban
CUST_0372,77,Female,Divorced,5083,Self-employed,West,Urban
CUST_0373,66,Female,Single,12448,Employed,South,Urban
CUST_0374,19,Female,Married,3037,Employed,South,Urban
CUST_0375,18,Male,Single,5489,Self-employed,East,Rural
CUST_0376,65,Female,Married,9604,Employed,East,Semi-Urban
CUST_0377,79,Male,Single,9544,Unemployed,West,Semi-Urban
CUST_0378,29,Male,Divorced,4634,Self-employed,North,Urban
CUST_0379,22,Female,Married,5983,Self-employed,East,Semi-Urban
CUST_0380,54,Male,Married,3778,Unemployed,East,Semi-Urban
CUST_0381,49,Male,Single,9902,Employed,West,Urban
CUST_0382,76,Male,Single,7110,Self-employed,West,Semi-Urban
CUST_0383,72,Male,Married,7189,Employed,East,Urban
CUST_0384,26,Female,Divorced,14087,Unemployed,North,Rural
CUST_0385,58,Female,Single,9378,Employed,East,Urban
CUST_0386,52,Female,Single,3124,Self-employed,West,Rural
CUST_0387,36,Female,Single,2697,Self-employed,West,Urban
CUST_0388,65,Male,Married,4179,Employed,East,Semi-Urban
CUST_0389,33,Male,Married,11596,Employed,North,Semi-Urban
CUST_0390,20,Female,Married,7251,Self-employed,East,Semi-Urban
CUST_0391,37,Female,Married,11235,Employed,East,Urban
CUST_0392,41,Female,Divorced,3929,Employed,West,Urban
CUST_0393,71,Male,Divorced,3013,Employed,North,Semi-Urban
CUST_0394,73,Female,Married,2226,Employed,South,Urban
CUST_0395,50,Female,Divorced,9321,Self-employed,North,Urban
CUST_0396,41,Female,Single,3828,Employed,East,Semi-Urban
CUST_0397,69,Male,Single,9909,Employed,East,Semi-Urban
CUST_0398,28,Male,Single,7588,Employed,East,Urban
CUST_0399,66,Male,Married,4023,Employed,North,Urban
CUST_0400,25,Male,Single,6966,Employed,West,Urban
CUST_0401,53,Male,Divorced,12644,Employed,East,Semi-Urban
CUST_0402,55,Male,Married,12277,Employed,East,Semi-Urban
CUST_0403,57,Male,Divorced,7891,Employed,North,Rural
CUST_0404,37,Male,Single,14475,Self-employed,South,Rural
CUST_0405,79,Female,Single,3080,Employed,South,Urban
CUST_0406,52,Female,Single,7036,Self-employed,West,Urban
CUST_0407,65,Male,Married,12512,Employed,West,Urban
CUST_0408,79,Male,Divorced,13382,Employed,East,Urban
CUST_0409,42,Female,Married,12822,Self-employed,North,Rural
CUST_0410,52,Male,Married,4563,Employed,East,Semi-Urban
CUST_0411,42,Male,Single,5292,Self-employed,West,Urban
CUST_0412,46,Male,Married,14813,Self-employed,North,Urban
CUST_0413,35,Female,Married,5586,Employed,North,Semi-Urban
CUST_0414,63,Female,Single,6431,Self-employed,West,Semi-Urban
CUST_0415,35,Female,Married,8841,Self-employed,South,Urban
CUST_0416,19,Female,Single,8643,Employed,South,Rural
CUST_0417,71,Female,Single,13139,Employed,North,Semi-Urban
CUST_0418,52,Male,Single,5959,Employed,East,Urban
CUST_0419,33,Female,Single,13005,Self-employed,South,Rural
CUST_0420,78,Male,Married,12775,Self-employed,East,Urban
CUST_0421,58,Male,Single,2161,Unemployed,South,Rural
CUST_0422,53,Female,Single,2593,Self-employed,South,Rural
CUST_0423,50,Female,Married,13451,Employed,East,Semi-Urban
CUST_0424,21,Male,Married,14347,Employed,West,Semi-Urban
CUST_0425,50,Male,Divorced,13154,Self-employed,South,Urban
CUST_0426,31,Male,Married,14080,Employed,South,Rural
CUST_0427,38,Female,Married,5390,Unemployed,East,Semi-Urban
CUST_0428,65,Female,Divorced,7997,Employed,West,Semi-Urban
CUST_0429,37,Female,Married,8354,Employed,South,Rural
CUST_0430,73,Female,Married,14693,Self-employed,South,Rural
CUST_0431,25,Female,Married,2663,Self-employed,West,Rural
CUST_0432,24,Male,Married,11324,Employed,South,Urban
CUST_0433,20,Female,Divorced,2541,Self-employed,West,Rural
CUST_0434,34,Male,Married,7433,Employed,West,Semi-Urban
CUST_0435,50,Male,Married,7093,Self-employed,East,Rural
CUST_0436,65,Male,Divorced,13166,Self-employed,North,Semi-Urban
CUST_0437,29,Female,Single,2867,Self-employed,West,Urban
CUST_0438,76,Female,Divorced,12258,Self-employed,East,Urban
CUST_0439,68,Female,Single,10623,Employed,North,Semi-Urban
CUST_0440,39,Male,Divorced,7469,Employed,South,Semi-Urban
CUST_0441,72,Male,Divorced,14470,Unemployed,North,Urban
CUST_0442,39,Male,Married,8256,Employed,West,Semi-Urban
CUST_0443,63,Male,Single,11398,Unemployed,West,Urban
CUST_0444,47,Male,Married,12720,Employed,West,Rural
CUST_0445,55,Male,Single,3169,Self-employed,West,Urban
CUST_0446,55,Female,Divorced,2830,Self-employed,West,Urban
CUST_0447,62,Female,Divorced,3651,Unemployed,East,Urban
CUST_0448,68,Female,Single,3136,Employed,West,Urban
CUST_0449,71,Female,Married,4810,Self-employed,East,Urban
CUST_0450,25,Male,Married,10667,Employed,South,Urban
CUST_0451,44,Male,Married,13002,Employed,West,Urban
CUST_0452,44,Female,Married,11518,Self-employed,West,Rural
CUST_0453,51,Male,Divorced,3019,Self-employed,North,Rural
CUST_0454,38,Female,Divorced,7237,Unemployed,South,Urban
CUST_0455,47,Female,Divorced,12028,Employed,West,Rural
CUST_0456,50,Female,Divorced,14448,Employed,West,Urban
CUST_0457,45,Male,Divorced,12640,Employed,South,Semi-Urban
CUST_0458,64,Female,Married,14485,Employed,East,Semi-Urban
CUST_0459,50,Female,Married,3283,Employed,West,Urban
CUST_0460,22,Female,Married,2659,Self-employed,North,Urban
CUST_0461,77,Male,Married,4010,Employed,West,Urban
CUST_0462,78,Male,Divorced,10590,Unemployed,North,Urban
CUST_0463,65,Female,Divorced,3733,Unemployed,North,Semi-Urban
CUST_0464,36,Male,Divorced,4125,Self-employed,West,Urban
CUST_0465,21,Male,Single,4171,Unemployed,West,Urban
CUST_0466,52,Male,Married,10266,Self-employed,North,Urban
CUST_0467,66,Male,Married,14889,Employed,South,Urban
CUST_0468,34,Male,Divorced,5471,Employed,South,Semi-Urban
CUST_0469,61,Male,Married,11028,Employed,West,Urban
CUST_0470,45,Male,Married,7624,Employed,East,Rural
CUST_0471,47,Male,Divorced,10691,Self-employed,South,Urban
CUST_0472,46,Male,Single,10329,Employed,West,Urban
CUST_0473,63,Male,Single,4097,Self-employed,South,Semi-Urban
CUST_0474,70,Female,Single,7068,Self-employed,East,Urban
CUST_0475,23,Female,Divorced,13888,Employed,West,Semi-Urban
CUST_0476,52,Male,Married,12077,Unemployed,East,Semi-Urban
CUST_0477,77,Female,Divorced,8397,Employed,West,Urban
CUST_0478,58,Female,Divorced,4757,Employed,East,Urban
CUST_0479,54,Male,Married,5920,Self-employed,South,Urban
CUST_0480,41,Male,Single,10186,Employed,South,Urban
CUST_0481,46,Male,Single,3900,Self-employed,East,Urban
CUST_0482,66,Female,Divorced,4610,Employed,East,Urban
CUST_0483,63,Female,Single,8900,Employed,East,Urban
CUST_0484,70,Male,Divorced,14178,Unemployed,West,Semi-Urban
CUST_0485,48,Male,Divorced,3449,Employed,South,Semi-Urban
CUST_0486,52,Male,Married,10738,Employed,West,Semi-Urban
CUST_0487,77,Female,Married,7017,Employed,South,Urban
CUST_0488,50,Female,Married,14868,Unemployed,North,Urban
CUST_0489,69,Female,Divorced,9999,Employed,West,Rural
CUST_0490,80,Female,Married,8052,Employed,South,Semi-Urban
CUST_0491,78,Male,Single,12195,Employed,South,Rural
CUST_0492,38,Male,Single,4096,Employed,West,Urban
CUST_0493,49,Male,Divorced,10895,Self-employed,West,Semi-Urban
CUST_0494,40,Male,Divorced,8404,Self-employed,South,Semi-Urban
CUST_0495,50,Female,Married,12595,Employed,West,Urban
CUST_0496,20,Female,Divorced,11817,Self-employed,East,Urban
CUST_0497,35,Male,Divorced,5331,Employed,West,Semi-Urban
CUST_0498,42,Male,Single,14925,Unemployed,West,Urban
CUST_0499,59,Female,Single,9462,Unemployed,West,Urban
CUST_0500,48,Male,Married,7105,Employed,South,Semi-Urban
CUST_0501,71,Female,Divorced,4978,Self-employed,East,Rural
CUST_0502,75,Male,Divorced,14928,Self-employed,North,Urban
CUST_0503,20,Male,Single,4839,Employed,North,Urban
CUST_0504,57,Male,Divorced,5384,Employed,East,Urban
CUST_0505,63,Male,Single,12851,Employed,East,Semi-Urban
CUST_0506,41,Male,Married,12053,Self-employed,East,Urban
CUST_0507,67,Male,Single,13048,Unemployed,South,Rural
CUST_0508,49,Male,Divorced,2685,Self-employed,North,Urban
CUST_0509,64,Female,Married,9531,Self-employed,East,Urban
CUST_0510,39,Female,Single,6283,Self-employed,South,Semi-Urban
CUST_0511,40,Female,Single,9736,Self-employed,North,Rural
CUST_0512,19,Female,Married,9710,Self-employed,West,Urban
CUST_0513,80,Female,Married,3619,Employed,South,Urban
CUST_0514,44,Male,Single,14835,Employed,North,Rural
CUST_0515,59,Male,Divorced,8868,Self-employed,South,Urban
CUST_0516,19,Female,Single,3431,Employed,North,Rural
CUST_0517,43,Male,Married,11067,Self-employed,North,Urban
CUST_0518,34,Female,Single,6713,Employed,West,Semi-Urban
CUST_0519,57,Female,Married,12653,Employed,South,Semi-Urban
CUST_0520,50,Male,Married,11557,Self-employed,East,Urban
CUST_0521,26,Male,Divorced,11435,Employed,West,Rural
CUST_0522,60,Male,Married,6998,Employed,West,Urban
CUST_0523,71,Female,Married,2162,Employed,North,Urban
CUST_0524,65,Male,Divorced,3974,Self-employed,East,Semi-Urban
CUST_0525,56,Female,Married,5291,Employed,South,Urban
CUST_0526,46,Female,Divorced,10461,Unemployed,East,Semi-Urban
CUST_0527,59,Female,Divorced,2631,Employed,East,Urban
CUST_0528,72,Male,Married,2905,Unemployed,East,Urban
CUST_0529,43,Male,Married,13663,Unemployed,East,Urban
CUST_0530,52,Female,Single,13445,Employed,East,Urban
CUST_0531,67,Male,Divorced,4014,Employed,North,Urban
CUST_0532,42,Male,Single,11833,Employed,North,Semi-Urban
CUST_0533,41,Male,Married,9896,Self-employed,West,Rural
CUST_0534,30,Female,Single,2204,Employed,North,Rural
CUST_0535,77,Female,Divorced,2581,Employed,West,Urban
CUST_0536,75,Male,Single,7675,Employed,West,Urban
CUST_0537,24,Female,Divorced,11032,Employed,South,Urban
CUST_0538,74,Male,Married,7347,Employed,East,Urban
CUST_0539,53,Male,Married,11911,Self-employed,North,Semi-Urban
CUST_0540,62,Male,Divorced,4643,Unemployed,South,Urban
CUST_0541,37,Male,Married,10017,Employed,North,Urban
CUST_0542,18,Female,Married,4297,Employed,West,Rural
CUST_0543,25,Female,Married,2874,Employed,North,Urban
CUST_0544,63,Female,Married,7560,Self-employed,East,Urban
CUST_0545,33,Male,Divorced,2689,Unemployed,West,Urban
CUST_0546,31,Male,Single,6000,Self-employed,West,Urban
CUST_0547,29,Male,Single,13333,Unemployed,South,Rural
CUST_0548,68,Female,Married,11614,Employed,East,Urban
CUST_0549,40,Male,Single,2671,Self-employed,West,Urban
CUST_0550,32,Female,Single,9927,Self-employed,East,Urban
CUST_0551,45,Female,Married,3171,Employed,North,Urban
CUST_0552,51,Female,Married,7591,Unemployed,East,Urban
CUST_0553,19,Female,Single,13918,Employed,West,Rural
CUST_0554,49,Female,Divorced,11135,Self-employed,South,Rural
CUST_0555,40,Female,Married,8342,Employed,West,Semi-Urban
CUST_0556,80,Male,Divorced,3449,Employed,East,Urban
CUST_0557,39,Male,Single,13929,Self-employed,East,Rural
CUST_0558,68,Female,Married,4539,Employed,West,Semi-Urban
CUST_0559,42,Female,Divorced,5959,Employed,East,Urban
CUST_0560,75,Male,Married,8285,Employed,North,Semi-Urban
CUST_0561,80,Female,Single,7432,Self-employed,West,Urban
CUST_0562,79,Female,Divorced,6260,Employed,South,Urban
CUST_0563,78,Male,Single,4361,Employed,West,Semi-Urban
CUST_0564,39,Female,Single,8164,Unemployed,North,Urban
CUST_0565,75,Female,Married,13844,Self-employed,North,Semi-Urban
CUST_0566,75,Female,Divorced,5670,Employed,North,Urban
CUST_0567,39,Male,Single,3753,Self-employed,North,Rural
CUST_0568,66,Male,Single,10100,Self-employed,North,Rural
CUST_0569,69,Male,Divorced,12544,Self-employed,South,Rural
CUST_0570,59,Female,Single,3938,Employed,East,Urban
CUST_0571,23,Female,Single,10562,Employed,North,Urban
CUST_0572,32,Male,Divorced,7976,Employed,North,Urban
CUST_0573,71,Female,Divorced,14671,Employed,West,Urban
CUST_0574,60,Female,Divorced,12123,Employed,South,Urban
CUST_0575,77,Female,Divorced,8588,Employed,South,Semi-Urban
CUST_0576,54,Female,Married,10616,Self-employed,East,Semi-Urban
CUST_0577,50,Female,Divorced,8304,Employed,South,Rural
CUST_0578,25,Male,Married,9345,Employed,West,Urban
CUST_0579,70,Female,Married,14916,Self-employed,West,Urban
CUST_0580,77,Male,Married,9875,Employed,East,Urban
CUST_0581,61,Female,Single,11086,Employed,West,Rural
CUST_0582,61,Male,Married,8633,Self-employed,North,Semi-Urban
CUST_0583,22,Female,Married,2597,Employed,North,Rural
CUST_0584,56,Male,Single,5062,Self-employed,West,Rural
CUST_0585,21,Female,Single,4336,Self-employed,East,Semi-Urban
CUST_0586,23,Male,Single,14880,Employed,South,Urban
CUST_0587,62,Female,Divorced,11879,Self-employed,East,Urban
CUST_0588,49,Male,Single,2572,Employed,South,Semi-Urban
CUST_0589,69,Female,Single,9521,Employed,West,Urban
CUST_0590,47,Male,Married,8171,Employed,West,Urban
CUST_0591,64,Male,Single,9097,Employed,North,Rural
CUST_0592,52,Female,Divorced,4090,Unemployed,South,Rural
CUST_0593,72,Female,Single,8566,Employed,East,Semi-Urban
CUST_0594,57,Male,Divorced,13861,Employed,West,Semi-Urban
CUST_0595,69,Female,Single,14464,Employed,East,Semi-Urban
CUST_0596,33,Male,Single,6624,Employed,North,Urban
CUST_0597,30,Male,Single,3633,Employed,South,Urban
CUST_0598,67,Male,Single,3517,Employed,South,Semi-Urban
CUST_0599,77,Female,Divorced,14485,Self-employed,West,Semi-Urban
CUST_0600,59,Male,Divorced,12849,Employed,South,Urban
CUST_0601,47,Male,Married,5648,Employed,West,Rural
CUST_0602,36,Female,Divorced,13780,Employed,North,Urban
CUST_0603,34,Female,Single,3537,Employed,South,Urban
CUST_0604,73,Female,Married,5137,Self-employed,West,Semi-Urban
CUST_0605,80,Female,Married,8985,Employed,East,Urban
CUST_0606,36,Male,Married,2097,Employed,West,Urban
CUST_0607,45,Male,Single,13407,Employed,South,Urban
CUST_0608,75,Male,Divorced,14722,Self-employed,North,Semi-Urban
CUST_0609,72,Male,Single,14924,Self-employed,South,Urban
CUST_0610,43,Female,Married,5750,Employed,South,Semi-Urban
CUST_0611,54,Male,Single,13349,Self-employed,West,Semi-Urban
CUST_0612,43,Male,Single,14875,Self-employed,East,Urban
CUST_0613,70,Female,Divorced,10535,Self-employed,South,Rural
CUST_0614,79,Male,Divorced,10174,Self-employed,East,Urban
CUST_0615,40,Male,Married,10103,Employed,West,Rural
CUST_0616,80,Male,Single,7413,Employed,East,Semi-Urban
CUST_0617,26,Male,Single,6666,Employed,West,Rural
CUST_0618,29,Male,Divorced,2610,Employed,North,Urban
CUST_0619,70,Male,Single,3727,Unemployed,East,Urban
CUST_0620,18,Female,Single,12482,Employed,East,Urban
CUST_0621,75,Female,Single,3854,Employed,North,Urban
CUST_0622,75,Male,Divorced,12800,Self-employed,East,Semi-Urban
CUST_0623,18,Male,Married,7055,Employed,North,Urban
CUST_0624,64,Female,Married,12271,Employed,South,Semi-Urban
CUST_0625,51,Male,Single,4324,Employed,West,Urban
CUST_0626,49,Male,Married,14819,Employed,North,Urban
CUST_0627,79,Male,Divorced,11369,Self-employed,East,Semi-Urban
CUST_0628,71,Female,Divorced,11283,Employed,North,Urban
CUST_0629,65,Male,Married,7774,Employed,East,Semi-Urban
CUST_0630,42,Female,Married,8519,Employed,South,Semi-Urban
CUST_0631,57,Male,Single,12983,Employed,North,Rural
CUST_0632,62,Female,Married,3749,Self-employed,South,Urban
CUST_0633,70,Female,Single,12867,Employed,West,Semi-Urban
CUST_0634,18,Male,Single,2781,Employed,East,Rural
CUST_0635,33,Female,Divorced,9548,Unemployed,East,Semi-Urban
CUST_0636,78,Male,Divorced,13240,Self-employed,South,Urban
CUST_0637,56,Female,Divorced,8823,Employed,West,Semi-Urban
CUST_0638,80,Male,Divorced,4105,Employed,North,Semi-Urban
CUST_0639,22,Male,Married,5867,Self-employed,North,Semi-Urban
CUST_0640,39,Female,Divorced,9193,Self-employed,East,Urban
CUST_0641,46,Male,Married,6976,Employed,South,Urban
CUST_0642,72,Male,Divorced,14734,Unemployed,South,Rural
CUST_0643,20,Female,Married,4113,Employed,North,Urban
CUST_0644,29,Male,Single,7879,Employed,West,Semi-Urban
CUST_0645,43,Male,Married,5970,Employed,West,Urban
CUST_0646,33,Female,Married,12183,Employed,North,Semi-Urban
CUST_0647,68,Female,Divorced,11259,Self-employed,North,Urban
CUST_0648,54,Male,Married,9264,Employed,South,Urban
CUST_0649,39,Male,Single,3577,Employed,West,Rural
CUST_0650,74,Female,Single,11203,Self-employed,North,Rural
CUST_0651,46,Female,Divorced,4274,Employed,North,Semi-Urban
CUST_0652,31,Male,Single,6869,Employed,East,Urban
CUST_0653,45,Female,Married,12006,Employed,North,Semi-Urban
CUST_0654,22,Male,Single,8744,Employed,North,Semi-Urban
CUST_0655,64,Male,Divorced,4426,Employed,West,Semi-Urban
CUST_0656,66,Male,Married,7546,Self-employed,South,Urban
CUST_0657,47,Male,Divorced,8852,Employed,West,Semi-Urban
CUST_0658,63,Male,Married,14594,Employed,South,Semi-Urban
CUST_0659,79,Female,Single,4551,Self-employed,East,Rural
CUST_0660,69,Female,Divorced,8411,Self-employed,North,Urban
CUST_0661,22,Female,Divorced,13849,Employed,East,Semi-Urban
CUST_0662,29,Female,Married,2007,Employed,South,Semi-Urban
CUST_0663,33,Male,Divorced,10087,Employed,West,Urban
CUST_0664,43,Male,Married,4555,Employed,West,Urban
CUST_0665,43,Male,Married,2475,Employed,East,Urban
CUST_0666,65,Male,Married,7416,Employed,South,Urban
CUST_0667,38,Female,Married,12403,Unemployed,East,Urban
CUST_0668,56,Male,Single,10676,Employed,East,Semi-Urban
CUST_0669,53,Male,Married,9239,Self-employed,North,Semi-Urban
CUST_0670,50,Female,Divorced,8710,Employed,East,Semi-Urban
CUST_0671,79,Female,Single,7000,Self-employed,North,Rural
CUST_0672,47,Female,Divorced,6654,Self-employed,North,Urban
CUST_0673,54,Female,Single,10078,Self-employed,West,Urban
CUST_0674,40,Male,Married,8063,Employed,North,Semi-Urban
CUST_0675,75,Male,Single,4285,Employed,North,Urban
CUST_0676,27,Female,Single,7223,Employed,West,Urban
CUST_0677,71,Male,Divorced,8971,Self-employed,East,Urban
CUST_0678,22,Male,Divorced,14755,Employed,South,Urban
CUST_0679,53,Male,Married,5525,Employed,South,Rural
CUST_0680,51,Female,Single,13531,Employed,South,Urban
CUST_0681,69,Male,Single,4822,Employed,East,Urban
CUST_0682,48,Female,Single,6943,Employed,North,Urban
CUST_0683,27,Male,Married,8530,Employed,South,Semi-Urban
CUST_0684,75,Male,Married,13116,Unemployed,East,Urban
CUST_0685,36,Male,Married,2258,Self-employed,North,Semi-Urban
CUST_0686,75,Female,Married,2282,Unemployed,West,Urban
CUST_0687,49,Male,Married,3898,Employed,South,Urban
CUST_0688,18,Female,Divorced,6135,Self-employed,North,Semi-Urban
CUST_0689,73,Female,Single,8629,Self-employed,South,Urban
CUST_0690,22,Female,Single,13168,Self-employed,South,Urban
CUST_0691,62,Male,Single,12459,Self-employed,South,Urban
CUST_0692,21,Male,Single,5200,Employed,North,Rural
CUST_0693,33,Male,Single,7110,Self-employed,East,Urban
CUST_0694,41,Male,Single,9167,Employed,North,Semi-Urban
CUST_0695,33,Female,Single,2612,Employed,South,Urban
CUST_0696,72,Female,Single,2687,Employed,North,Urban
CUST_0697,19,Female,Divorced,5690,Unemployed,West,Urban
CUST_0698,66,Male,Single,10804,Self-employed,East,Rural
CUST_0699,45,Female,Divorced,4307,Unemployed,North,Urban
CUST_0700,49,Male,Married,9133,Self-employed,West,Urban
CUST_0701,44,Female,Single,13205,Employed,East,Urban
CUST_0702,37,Male,Married,8509,Employed,West,Urban
CUST_0703,41,Male,Married,11973,Employed,East,Urban
CUST_0704,29,Female,Married,7906,Employed,North,Semi-Urban
CUST_0705,67,Female,Divorced,4591,Employed,West,Urban
CUST_0706,52,Female,Married,12888,Employed,South,Urban
CUST_0707,77,Female,Married,14150,Employed,West,Semi-Urban
CUST_0708,50,Male,Married,9183,Unemployed,East,Urban
CUST_0709,50,Female,Single,7248,Employed,North,Urban
CUST_0710,78,Female,Single,10766,Self-employed,East,Urban
CUST_0711,68,Female,Divorced,12102,Self-employed,West,Semi-Urban
CUST_0712,60,Male,Divorced,7108,Employed,West,Urban
CUST_0713,54,Male,Single,5604,Employed,South,Urban
CUST_0714,29,Female,Divorced,2669,Employed,North,Urban
CUST_0715,20,Male,Single,6364,Employed,North,Semi-Urban
CUST_0716,18,Female,Married,9329,Self-employed,West,Urban
CUST_0717,50,Male,Married,3283,Employed,North,Semi-Urban
CUST_0718,57,Male,Divorced,2923,Employed,South,Rural
CUST_0719,27,Male,Single,3125,Employed,East,Semi-Urban
CUST_0720,60,Male,Single,3529,Unemployed,North,Urban
CUST_0721,61,Female,Divorced,11786,Self-employed,West,Urban
CUST_0722,46,Female,Single,10438,Self-employed,East,Urban
CUST_0723,30,Female,Married,5711,Employed,East,Urban
CUST_0724,29,Male,Divorced,10004,Self-employed,South,Urban
CUST_0725,48,Female,Divorced,11752,Self-employed,West,Semi-Urban
CUST_0726,63,Female,Single,8274,Self-employed,North,Urban
CUST_0727,19,Female,Divorced,12592,Unemployed,West,Urban
CUST_0728,78,Male,Single,12435,Employed,East,Semi-Urban
CUST_0729,68,Male,Single,5864,Unemployed,West,Semi-Urban
CUST_0730,67,Male,Single,12131,Unemployed,North,Urban
CUST_0731,52,Female,Single,9833,Employed,North,Rural
CUST_0732,40,Female,Single,13261,Employed,South,Urban
CUST_0733,34,Female,Divorced,8788,Unemployed,North,Semi-Urban
CUST_0734,43,Male,Married,2226,Employed,North,Semi-Urban
CUST_0735,25,Male,Married,13739,Employed,West,Semi-Urban
CUST_0736,46,Female,Divorced,2264,Unemployed,West,Semi-Urban
CUST_0737,43,Male,Divorced,11587,Employed,East,Urban
CUST_0738,27,Male,Married,13749,Employed,South,Urban
CUST_0739,43,Male,Married,2645,Employed,West,Semi-Urban
CUST_0740,79,Male,Married,9544,Employed,North,Urban
CUST_0741,51,Female,Married,7569,Employed,East,Rural
CUST_0742,68,Male,Married,4990,Employed,West,Urban
CUST_0743,58,Male,Single,12091,Self-employed,South,Urban
CUST_0744,24,Male,Divorced,4504,Employed,South,Urban
CUST_0745,21,Male,Single,12964,Self-employed,East,Urban
CUST_0746,75,Female,Married,11346,Self-employed,East,Semi-Urban
CUST_0747,70,Female,Married,2587,Employed,East,Semi-Urban
CUST_0748,67,Male,Married,14763,Self-employed,East,Semi-Urban
CUST_0749,62,Male,Single,12013,Employed,East,Rural
CUST_0750,28,Male,Single,11177,Employed,North,Rural
CUST_0751,46,Male,Married,6079,Employed,North,Rural
CUST_0752,73,Male,Single,5348,Unemployed,West,Urban
CUST_0753,53,Male,Single,8299,Employed,South,Semi-Urban
CUST_0754,42,Female,Married,5831,Employed,North,Urban
CUST_0755,38,Male,Single,11433,Self-employed,North,Urban
CUST_0756,78,Female,Divorced,10381,Employed,North,Semi-Urban
CUST_0757,74,Female,Divorced,11172,Employed,West,Urban
CUST_0758,53,Male,Divorced,11890,Employed,East,Urban
CUST_0759,27,Female,Divorced,3715,Self-employed,West,Urban
CUST_0760,54,Female,Married,12785,Self-employed,South,Urban
CUST_0761,26,Female,Married,14328,Employed,South,Rural
CUST_0762,41,Female,Married,8450,Employed,South,Urban
CUST_0763,52,Female,Divorced,14625,Employed,South,Urban
CUST_0764,66,Female,Divorced,7433,Self-employed,North,Urban
CUST_0765,52,Male,Single,3098,Employed,North,Urban
CUST_0766,65,Female,Single,9096,Employed,West,Rural
CUST_0767,53,Female,Divorced,4326,Employed,East,Urban
CUST_0768,35,Female,Divorced,13439,Employed,South,Semi-Urban
CUST_0769,66,Male,Divorced,11087,Employed,West,Semi-Urban
CUST_0770,56,Female,Divorced,8416,Employed,North,Rural
CUST_0771,49,Male,Single,8980,Employed,North,Semi-Urban
CUST_0772,41,Female,Divorced,8763,Self-employed,East,Rural
CUST_0773,40,Male,Single,3674,Employed,East,Urban
CUST_0774,79,Male,Divorced,13101,Unemployed,East,Urban
CUST_0775,49,Female,Divorced,9950,Employed,West,Urban
CUST_0776,54,Female,Divorced,11122,Self-employed,North,Rural
CUST_0777,29,Male,Single,14576,Self-employed,North,Urban
CUST_0778,66,Female,Single,10915,Employed,East,Urban
CUST_0779,72,Male,Married,13132,Employed,South,Urban
CUST_0780,30,Male,Divorced,8049,Self-employed,East,Urban
CUST_0781,40,Male,Married,3089,Employed,West,Urban
CUST_0782,42,Male,Married,6578,Unemployed,East,Rural
CUST_0783,52,Male,Single,11127,Employed,East,Urban
CUST_0784,58,Female,Single,12487,Unemployed,West,Semi-Urban
CUST_0785,47,Male,Married,2155,Employed,East,Semi-Urban
CUST_0786,34,Male,Divorced,11262,Self-employed,North,Urban
CUST_0787,66,Female,Single,3958,Self-employed,South,Urban
CUST_0788,79,Male,Divorced,12693,Self-employed,East,Urban
CUST_0789,37,Female,Divorced,8344,Employed,West,Urban
CUST_0790,65,Female,Married,7779,Self-employed,South,Semi-Urban
CUST_0791,42,Female,Married,14411,Employed,West,Urban
CUST_0792,39,Male,Married,8144,Self-employed,South,Urban
CUST_0793,30,Male,Married,7063,Employed,South,Semi-Urban
CUST_0794,76,Male,Single,5830,Self-employed,East,Rural
CUST_0795,36,Female,Single,11046,Employed,North,Rural
CUST_0796,66,Male,Married,10831,Self-employed,East,Rural
CUST_0797,53,Female,Single,12430,Self-employed,West,Semi-Urban
CUST_0798,29,Male,Married,11794,Self-employed,West,Urban
CUST_0799,78,Female,Divorced,8659,Employed,South,Semi-Urban
CUST_0800,58,Male,Divorced,2441,Employed,South,Urban
CUST_0801,36,Male,Divorced,8040,Unemployed,North,Semi-Urban
CUST_0802,29,Male,Married,7925,Employed,East,Semi-Urban
CUST_0803,26,Female,Divorced,9358,Employed,West,Urban
CUST_0804,24,Female,Single,6628,Self-employed,South,Semi-Urban
CUST_0805,45,Male,Divorced,8370,Self-employed,North,Rural
CUST_0806,31,Male,Divorced,11528,Employed,West,Urban
CUST_0807,48,Female,Divorced,13892,Self-employed,South,Rural
CUST_0808,69,Female,Single,2948,Self-employed,West,Urban
CUST_0809,36,Female,Married,13565,Employed,North,Semi-Urban
CUST_0810,75,Male,Single,10179,Unemployed,North,Urban
CUST_0811,64,Female,Married,8115,Employed,West,Semi-Urban
CUST_0812,33,Male,Married,2459,Employed,East,Rural
CUST_0813,70,Female,Divorced,9568,Employed,West,Rural
CUST_0814,22,Male,Married,6646,Employed,South,Semi-Urban
CUST_0815,52,Female,Single,2392,Unemployed,East,Urban
CUST_0816,29,Female,Single,14130,Employed,South,Rural
CUST_0817,42,Female,Married,3787,Employed,West,Urban
CUST_0818,69,Female,Divorced,9374,Employed,East,Rural
CUST_0819,76,Female,Divorced,12449,Employed,South,Urban
CUST_0820,38,Male,Single,3138,Employed,West,Urban
CUST_0821,53,Female,Divorced,14000,Employed,West,Semi-Urban
CUST_0822,70,Female,Married,6741,Employed,East,Urban
CUST_0823,40,Female,Married,9418,Self-employed,West,Urban
CUST_0824,33,Male,Single,8362,Employed,North,Urban
CUST_0825,74,Female,Married,4454,Employed,South,Urban
CUST_0826,56,Male,Single,11658,Employed,South,Urban
CUST_0827,62,Female,Married,5674,Self-employed,West,Urban
CUST_0828,70,Female,Single,3377,Employed,West,Urban
CUST_0829,59,Male,Divorced,8701,Employed,North,Urban
CUST_0830,75,Female,Married,4597,Employed,East,Semi-Urban
CUST_0831,56,Male,Married,2141,Unemployed,West,Urban
CUST_0832,31,Male,Single,4659,Employed,West,Rural
CUST_0833,48,Female,Single,6596,Self-employed,West,Rural
CUST_0834,75,Male,Married,11031,Employed,West,Urban
CUST_0835,22,Female,Single,13810,Employed,South,Semi-Urban
CUST_0836,52,Female,Married,7661,Self-employed,West,Rural
CUST_0837,40,Male,Divorced,8142,Employed,South,Rural
CUST_0838,46,Male,Single,14109,Self-employed,West,Semi-Urban
CUST_0839,60,Male,Married,7626,Unemployed,East,Urban
CUST_0840,28,Male,Divorced,10787,Self-employed,North,Semi-Urban
CUST_0841,35,Female,Divorced,12096,Employed,East,Semi-Urban
CUST_0842,64,Female,Married,10472,Self-employed,West,Semi-Urban
CUST_0843,29,Male,Single,2423,Employed,West,Urban
CUST_0844,26,Female,Married,8999,Self-employed,West,Rural
CUST_0845,27,Female,Divorced,14557,Self-employed,East,Rural
CUST_0846,75,Female,Married,6249,Self-employed,West,Urban
CUST_0847,61,Female,Single,3750,Employed,East,Urban
CUST_0848,34,Male,Divorced,6757,Employed,South,Urban
CUST_0849,78,Male,Married,3967,Employed,North,Rural
CUST_0850,55,Female,Single,6088,Self-employed,North,Semi-Urban
CUST_0851,24,Male,Divorced,6178,Employed,East,Semi-Urban
CUST_0852,63,Male,Single,9789,Employed,South,Urban
CUST_0853,30,Male,Divorced,4946,Self-employed,East,Semi-Urban
CUST_0854,57,Female,Married,11641,Employed,South,Urban
CUST_0855,59,Female,Single,7394,Employed,West,Urban
CUST_0856,26,Female,Divorced,9880,Employed,South,Semi-Urban
CUST_0857,67,Male,Single,12523,Employed,South,Rural
CUST_0858,44,Female,Single,7075,Employed,South,Rural
CUST_0859,75,Female,Married,12412,Employed,North,Rural
CUST_0860,19,Male,Single,13981,Employed,South,Urban
CUST_0861,22,Female,Divorced,9230,Employed,West,Urban
CUST_0862,46,Female,Divorced,13002,Self-employed,West,Semi-Urban
CUST_0863,54,Male,Divorced,14920,Employed,West,Rural
CUST_0864,55,Male,Divorced,3531,Employed,South,Urban
CUST_0865,36,Male,Married,4990,Unemployed,East,Urban
CUST_0866,25,Female,Single,9155,Employed,East,Urban
CUST_0867,65,Female,Married,6493,Employed,West,Semi-Urban
CUST_0868,62,Female,Single,11335,Self-employed,North,Urban
CUST_0869,18,Male,Single,2933,Unemployed,East,Urban
CUST_0870,39,Male,Single,3460,Self-employed,South,Urban
CUST_0871,69,Female,Married,4723,Self-employed,East,Urban
CUST_0872,34,Female,Single,12704,Self-employed,West,Rural
CUST_0873,80,Male,Married,2285,Employed,North,Urban
CUST_0874,24,Male,Divorced,2264,Self-employed,East,Semi-Urban
CUST_0875,42,Male,Divorced,12559,Employed,East,Semi-Urban
CUST_0876,62,Male,Single,8816,Unemployed,West,Rural
CUST_0877,21,Female,Married,13639,Employed,North,Urban
CUST_0878,53,Male,Divorced,3762,Employed,North,Rural
CUST_0879,23,Female,Married,13240,Employed,West,Semi-Urban
CUST_0880,77,Female,Married,12573,Self-employed,South,Rural
CUST_0881,48,Female,Single,12461,Employed,East,Rural
CUST_0882,36,Male,Divorced,2040,Self-employed,South,Urban
CUST_0883,78,Male,Single,7827,Self-employed,East,Urban
CUST_0884,61,Male,Single,10259,Employed,East,Urban
CUST_0885,71,Male,Divorced,2987,Self-employed,South,Semi-Urban
CUST_0886,56,Female,Divorced,9804,Self-employed,West,Urban
CUST_0887,44,Male,Married,9789,Self-employed,West,Urban
CUST_0888,27,Male,Divorced,7717,Employed,East,Urban
CUST_0889,43,Female,Married,14200,Employed,West,Urban
CUST_0890,36,Male,Married,5198,Employed,East,Urban
CUST_0891,56,Female,Married,7374,Employed,West,Urban
CUST_0892,79,Female,Divorced,6790,Unemployed,East,Urban
CUST_0893,20,Female,Single,9183,Employed,West,Urban
CUST_0894,62,Female,Married,4524,Self-employed,North,Urban
CUST_0895,30,Female,Single,11277,Employed,South,Urban
CUST_0896,67,Female,Single,4479,Employed,North,Rural
CUST_0897,45,Female,Divorced,11885,Self-employed,South,Semi-Urban
CUST_0898,79,Female,Single,12507,Self-employed,South,Urban
CUST_0899,75,Male,Single,7154,Employed,East,Urban
CUST_0900,37,Male,Divorced,2778,Employed,South,Rural
CUST_0901,45,Male,Married,14781,Employed,North,Rural
CUST_0902,25,Male,Single,11777,Employed,North,Rural
CUST_0903,78,Female,Divorced,3492,Employed,West,Semi-Urban
CUST_0904,80,Male,Single,2660,Employed,North,Urban
CUST_0905,58,Female,Single,3348,Employed,West,Urban
CUST_0906,56,Male,Married,11491,Self-employed,South,Urban
CUST_0907,18,Male,Single,14132,Employed,North,Rural
CUST_0908,20,Male,Divorced,12178,Employed,South,Semi-Urban
CUST_0909,30,Female,Single,9851,Employed,North,Semi-Urban
CUST_0910,45,Male,Married,9156,Self-employed,North,Urban
CUST_0911,79,Female,Married,4044,Self-employed,West,Rural
CUST_0912,74,Female,Divorced,9368,Employed,South,Urban
CUST_0913,80,Male,Married,5516,Self-employed,North,Urban
CUST_0914,77,Male,Single,11250,Employed,East,Urban
CUST_0915,66,Male,Married,11168,Employed,South,Semi-Urban
CUST_0916,42,Female,Divorced,6577,Employed,South,Urban
CUST_0917,73,Male,Married,2727,Employed,South,Rural
CUST_0918,50,Female,Married,12719,Self-employed,West,Urban
CUST_0919,55,Female,Married,13328,Self-employed,East,Semi-Urban
CUST_0920,70,Male,Divorced,9468,Employed,South,Semi-Urban
CUST_0921,23,Male,Married,2342,Self-employed,North,Urban
CUST_0922,75,Female,Married,3447,Employed,North,Rural
CUST_0923,61,Female,Single,12571,Employed,West,Semi-Urban
CUST_0924,62,Female,Divorced,8581,Employed,North,Semi-Urban
CUST_0925,49,Male,Married,13851,Employed,South,Rural
CUST_0926,62,Female,Divorced,8317,Employed,North,Semi-Urban
CUST_0927,78,Male,Married,2526,Employed,South,Urban
CUST_0928,64,Female,Married,12088,Employed,North,Semi-Urban
CUST_0929,38,Female,Married,14946,Employed,East,Urban
CUST_0930,33,Male,Single,12265,Self-employed,West,Urban
CUST_0931,71,Female,Single,8748,Employed,West,Urban
CUST_0932,38,Male,Single,2405,Unemployed,East,Semi-Urban
CUST_0933,28,Male,Divorced,9986,Employed,East,Semi-Urban
CUST_0934,77,Female,Divorced,11765,Self-employed,West,Urban
CUST_0935,54,Male,Single,14792,Self-employed,East,Semi-Urban
CUST_0936,53,Male,Divorced,5740,Self-employed,South,Rural
CUST_0937,52,Female,Married,14466,Employed,North,Urban
CUST_0938,36,Male,Married,14419,Self-employed,West,Urban
CUST_0939,37,Male,Married,3846,Employed,East,Semi-Urban
CUST_0940,74,Male,Single,3478,Employed,South,Urban
CUST_0941,35,Female,Divorced,12587,Employed,West,Semi-Urban
CUST_0942,64,Male,Single,2771,Employed,East,Urban
CUST_0943,58,Female,Divorced,7525,Employed,West,Urban
CUST_0944,66,Female,Married,10770,Unemployed,East,Semi-Urban
CUST_0945,31,Male,Single,13093,Self-employed,West,Semi-Urban
CUST_0946,32,Male,Divorced,2193,Employed,South,Rural
CUST_0947,48,Male,Divorced,4007,Unemployed,South,Rural
CUST_0948,18,Female,Married,3185,Employed,North,Semi-Urban
CUST_0949,70,Male,Single,4394,Unemployed,West,Semi-Urban
CUST_0950,71,Male,Single,13190,Employed,North,Urban
CUST_0951,71,Male,Single,11984,Employed,West,Semi-Urban
CUST_0952,20,Male,Married,11302,Self-employed,East,Urban
CUST_0953,33,Male,Single,6005,Self-employed,East,Rural
CUST_0954,40,Female,Married,9429,Self-employed,North,Urban
CUST_0955,74,Female,Married,4261,Unemployed,West,Semi-Urban
CUST_0956,28,Male,Married,5736,Self-employed,North,Urban
CUST_0957,29,Male,Divorced,13985,Self-employed,South,Semi-Urban
CUST_0958,27,Male,Single,12128,Self-employed,North,Rural
CUST_0959,49,Male,Single,8716,Self-employed,North,Urban
CUST_0960,33,Female,Married,6875,Employed,East,Rural
CUST_0961,25,Male,Married,14549,Self-employed,North,Urban
CUST_0962,55,Female,Single,10921,Employed,West,Semi-Urban
CUST_0963,29,Female,Married,6378,Self-employed,East,Rural
CUST_0964,41,Male,Single,9815,Self-employed,North,Urban
CUST_0965,45,Female,Divorced,5451,Self-employed,South,Rural
CUST_0966,70,Female,Married,14649,Self-employed,North,Urban
CUST_0967,25,Female,Single,9616,Self-employed,North,Urban
CUST_0968,75,Female,Married,14728,Employed,North,Rural
CUST_0969,45,Male,Single,12332,Self-employed,East,Urban
CUST_0970,53,Male,Single,11836,Employed,West,Rural
CUST_0971,43,Female,Married,4800,Employed,South,Rural
CUST_0972,25,Male,Divorced,10333,Employed,North,Urban
CUST_0973,75,Male,Single,7410,Employed,West,Semi-Urban
CUST_0974,77,Male,Single,3455,Employed,West,Urban
CUST_0975,67,Male,Single,8892,Self-employed,East,Urban
CUST_0976,45,Male,Divorced,7808,Employed,South,Urban
CUST_0977,45,Female,Divorced,8796,Employed,East,Urban
CUST_0978,54,Male,Married,6796,Employed,West,Urban
CUST_0979,58,Male,Divorced,7093,Employed,West,Urban
CUST_0980,53,Male,Married,12288,Self-employed,West,Rural
CUST_0981,44,Male,Married,3325,Employed,East,Rural
CUST_0982,71,Female,Divorced,6976,Employed,South,Semi-Urban
CUST_0983,80,Female,Married,11405,Employed,North,Semi-Urban
CUST_0984,34,Female,Divorced,3159,Employed,East,Rural
CUST_0985,26,Female,Married,6650,Employed,West,Urban
CUST_0986,50,Male,Divorced,14691,Employed,East,Semi-Urban
CUST_0987,70,Female,Divorced,6987,Self-employed,West,Rural
CUST_0988,37,Male,Married,6697,Self-employed,North,Urban
CUST_0989,30,Male,Single,2340,Employed,North,Semi-Urban
CUST_0990,45,Male,Married,5828,Unemployed,South,Rural
CUST_0991,65,Male,Divorced,3968,Employed,West,Rural
CUST_0992,46,Male,Single,2703,Employed,South,Semi-Urban
CUST_0993,30,Female,Married,14605,Unemployed,South,Urban
CUST_0994,63,Female,Married,7482,Employed,North,Urban
CUST_0995,52,Female,Married,12621,Unemployed,East,Urban
CUST_0996,78,Female,Single,8376,Employed,East,Semi-Urban
CUST_0997,23,Male,Divorced,3800,Employed,South,Urban
CUST_0998,35,Female,Married,7463,Employed,North,Rural
CUST_0999,68,Male,Married,6912,Self-employed,West,Urban
CUST_1000,22,Female,Married,6648,Self-employed,East,Urban
