policy_id,customer_id,policy_type,coverage_amount,policy_duration_years,premium_amount,payment_frequency,discount_applied,renewal_discount_percent
POL_0001,CUST_0001,Health,65390,1,242,Yearly,Yes,25
POL_0002,CUST_0002,Life,419861,4,365,Quarterly,No,12
POL_0003,CUST_0003,Health,233032,2,351,Yearly,No,25
POL_0004,CUST_0004,Health,64144,7,597,Quarterly,Yes,17
POL_0005,CUST_0005,Home,154454,2,765,Monthly,Yes,2
POL_0006,CUST_0006,Home,14025,10,983,Monthly,No,25
POL_0007,CUST_0007,Life,446442,2,828,Quarterly,Yes,27
POL_0008,CUST_0008,Health,351524,5,317,Quarterly,Yes,22
POL_0009,CUST_0009,Auto,264043,4,219,Quarterly,Yes,2
POL_0010,CUST_0010,Home,128910,8,600,Quarterly,No,22
POL_0011,CUST_0011,Auto,472927,4,504,Monthly,No,24
POL_0012,CUST_0012,Home,106055,6,700,Yearly,Yes,26
POL_0013,CUST_0013,Home,398333,5,341,Yearly,Yes,25
POL_0014,CUST_0014,Health,215782,2,613,Monthly,Yes,11
POL_0015,CUST_0015,Home,406659,8,848,Yearly,Yes,30
POL_0016,CUST_0016,Auto,293539,2,850,Monthly,Yes,26
POL_0017,CUST_0017,Home,282869,9,190,Yearly,Yes,19
POL_0018,CUST_0018,Life,43461,9,195,Quarterly,No,6
POL_0019,CUST_0019,Health,268072,3,474,Quarterly,No,24
POL_0020,CUST_0020,Health,51115,4,363,Quarterly,Yes,29
POL_0021,CUST_0021,Life,120084,8,233,Monthly,No,23
POL_0022,CUST_0022,Life,355876,9,713,Monthly,Yes,7
POL_0023,CUST_0023,Life,483006,3,762,Yearly,Yes,8
POL_0024,CUST_0024,Home,351701,5,177,Yearly,No,13
POL_0025,CUST_0025,Health,343404,8,336,Yearly,No,4
POL_0026,CUST_0026,Life,169762,3,872,Monthly,Yes,29
POL_0027,CUST_0027,Home,273551,7,302,Yearly,Yes,20
POL_0028,CUST_0028,Life,83568,8,827,Quarterly,No,18
POL_0029,CUST_0029,Auto,68560,10,749,Yearly,No,20
POL_0030,CUST_0030,Auto,450556,3,435,Quarterly,Yes,15
POL_0031,CUST_0031,Health,158866,2,279,Monthly,Yes,23
POL_0032,CUST_0032,Home,160953,10,320,Quarterly,Yes,11
POL_0033,CUST_0033,Auto,227364,7,820,Quarterly,No,20
POL_0034,CUST_0034,Auto,246770,9,860,Quarterly,Yes,3
POL_0035,CUST_0035,Home,236024,1,464,Monthly,No,7
POL_0036,CUST_0036,Life,190775,3,247,Monthly,Yes,6
POL_0037,CUST_0037,Home,447570,5,372,Monthly,No,14
POL_0038,CUST_0038,Life,101288,3,105,Monthly,No,29
POL_0039,CUST_0039,Auto,481678,1,880,Yearly,No,29
POL_0040,CUST_0040,Auto,391164,7,252,Monthly,No,5
POL_0041,CUST_0041,Auto,371445,7,832,Quarterly,Yes,4
POL_0042,CUST_0042,Health,259836,10,670,Monthly,No,13
POL_0043,CUST_0043,Health,24390,8,677,Yearly,No,20
POL_0044,CUST_0044,Health,228547,5,653,Yearly,No,12
POL_0045,CUST_0045,Home,37307,10,187,Yearly,Yes,9
POL_0046,CUST_0046,Auto,237436,5,471,Quarterly,Yes,17
POL_0047,CUST_0047,Auto,235121,5,864,Monthly,Yes,28
POL_0048,CUST_0048,Home,261063,1,106,Monthly,Yes,30
POL_0049,CUST_0049,Health,34502,10,611,Monthly,Yes,3
POL_0050,CUST_0050,Home,498815,5,120,Quarterly,Yes,7
POL_0051,CUST_0051,Health,32486,6,960,Quarterly,No,23
POL_0052,CUST_0052,Auto,383957,1,963,Yearly,No,10
POL_0053,CUST_0053,Life,179330,7,643,Yearly,No,16
POL_0054,CUST_0054,Health,198788,1,421,Monthly,Yes,17
POL_0055,CUST_0055,Auto,238300,2,666,Quarterly,No,20
POL_0056,CUST_0056,Auto,113920,2,649,Quarterly,No,24
POL_0057,CUST_0057,Life,222566,5,563,Monthly,Yes,25
POL_0058,CUST_0058,Auto,354912,10,921,Monthly,No,10
POL_0059,CUST_0059,Auto,413964,7,133,Yearly,Yes,15
POL_0060,CUST_0060,Health,72785,1,92,Yearly,No,11
POL_0061,CUST_0061,Health,86050,10,715,Yearly,Yes,12
POL_0062,CUST_0062,Life,32738,1,888,Monthly,Yes,26
POL_0063,CUST_0063,Life,84231,1,983,Monthly,Yes,15
POL_0064,CUST_0064,Auto,83606,6,655,Yearly,No,22
POL_0065,CUST_0065,Health,496517,2,859,Yearly,No,25
POL_0066,CUST_0066,Life,313806,1,182,Quarterly,Yes,20
POL_0067,CUST_0067,Life,390457,6,444,Quarterly,Yes,0
POL_0068,CUST_0068,Home,237369,2,114,Yearly,No,30
POL_0069,CUST_0069,Life,485450,6,339,Yearly,No,15
POL_0070,CUST_0070,Auto,287267,10,425,Quarterly,Yes,14
POL_0071,CUST_0071,Health,166688,8,818,Yearly,No,5
POL_0072,CUST_0072,Life,283326,2,516,Quarterly,No,11
POL_0073,CUST_0073,Home,362513,9,947,Quarterly,No,7
POL_0074,CUST_0074,Health,465229,8,262,Quarterly,Yes,6
POL_0075,CUST_0075,Life,172403,10,197,Monthly,Yes,1
POL_0076,CUST_0076,Home,187170,1,622,Monthly,No,11
POL_0077,CUST_0077,Life,36128,7,520,Yearly,Yes,20
POL_0078,CUST_0078,Health,41556,10,198,Quarterly,No,13
POL_0079,CUST_0079,Health,268470,6,137,Monthly,No,15
POL_0080,CUST_0080,Health,490721,6,373,Yearly,Yes,10
POL_0081,CUST_0081,Auto,162948,6,944,Yearly,Yes,19
POL_0082,CUST_0082,Life,150021,6,445,Yearly,Yes,8
POL_0083,CUST_0083,Auto,61962,10,839,Yearly,No,9
POL_0084,CUST_0084,Health,100054,7,453,Yearly,No,16
POL_0085,CUST_0085,Home,212278,3,131,Quarterly,Yes,11
POL_0086,CUST_0086,Life,34099,6,690,Yearly,Yes,5
POL_0087,CUST_0087,Auto,245943,3,335,Quarterly,Yes,18
POL_0088,CUST_0088,Life,415932,7,431,Monthly,No,10
POL_0089,CUST_0089,Home,193683,7,914,Yearly,No,8
POL_0090,CUST_0090,Auto,179957,8,841,Monthly,No,20
POL_0091,CUST_0091,Health,325288,2,319,Quarterly,Yes,28
POL_0092,CUST_0092,Auto,206292,9,341,Quarterly,Yes,5
POL_0093,CUST_0093,Life,17837,5,502,Monthly,No,26
POL_0094,CUST_0094,Life,190427,9,764,Yearly,Yes,24
POL_0095,CUST_0095,Life,188371,10,73,Yearly,Yes,24
POL_0096,CUST_0096,Life,422375,5,912,Monthly,Yes,23
POL_0097,CUST_0097,Health,397356,7,360,Monthly,Yes,24
POL_0098,CUST_0098,Auto,388824,9,510,Monthly,No,15
POL_0099,CUST_0099,Health,258003,4,257,Yearly,Yes,19
POL_0100,CUST_0100,Health,378946,2,841,Yearly,No,15
POL_0101,CUST_0101,Health,112413,9,766,Yearly,No,5
POL_0102,CUST_0102,Life,61012,2,713,Monthly,Yes,4
POL_0103,CUST_0103,Life,140193,3,487,Yearly,No,20
POL_0104,CUST_0104,Life,462521,10,587,Quarterly,No,3
POL_0105,CUST_0105,Auto,228168,2,755,Monthly,Yes,1
POL_0106,CUST_0106,Home,158178,3,385,Yearly,No,27
POL_0107,CUST_0107,Life,68123,6,471,Monthly,No,5
POL_0108,CUST_0108,Auto,121825,3,799,Quarterly,No,8
POL_0109,CUST_0109,Life,18720,10,370,Quarterly,No,27
POL_0110,CUST_0110,Life,178733,8,546,Monthly,No,16
POL_0111,CUST_0111,Health,256103,6,636,Monthly,No,13
POL_0112,CUST_0112,Health,234970,7,996,Quarterly,No,6
POL_0113,CUST_0113,Health,234866,1,212,Monthly,No,21
POL_0114,CUST_0114,Auto,490534,3,860,Quarterly,Yes,18
POL_0115,CUST_0115,Home,424336,3,590,Quarterly,Yes,0
POL_0116,CUST_0116,Home,160862,2,214,Yearly,Yes,28
POL_0117,CUST_0117,Auto,68655,7,898,Monthly,No,19
POL_0118,CUST_0118,Life,200715,9,747,Monthly,No,30
POL_0119,CUST_0119,Auto,103448,4,615,Yearly,No,29
POL_0120,CUST_0120,Life,188446,5,344,Quarterly,Yes,24
POL_0121,CUST_0121,Auto,183979,3,91,Monthly,Yes,14
POL_0122,CUST_0122,Auto,191143,9,973,Yearly,Yes,17
POL_0123,CUST_0123,Auto,130507,4,334,Yearly,No,2
POL_0124,CUST_0124,Home,306956,5,988,Monthly,Yes,17
POL_0125,CUST_0125,Health,321714,1,436,Yearly,Yes,29
POL_0126,CUST_0126,Auto,323045,2,187,Quarterly,No,1
POL_0127,CUST_0127,Home,70186,9,236,Yearly,Yes,9
POL_0128,CUST_0128,Health,132066,2,959,Quarterly,No,10
POL_0129,CUST_0129,Health,400508,5,765,Quarterly,Yes,26
POL_0130,CUST_0130,Auto,191323,8,480,Monthly,No,23
POL_0131,CUST_0131,Life,206243,3,603,Yearly,No,2
POL_0132,CUST_0132,Life,46160,6,911,Quarterly,No,6
POL_0133,CUST_0133,Life,29156,4,465,Quarterly,No,7
POL_0134,CUST_0134,Auto,86208,7,849,Yearly,No,18
POL_0135,CUST_0135,Life,483196,10,475,Quarterly,Yes,17
POL_0136,CUST_0136,Home,475536,3,465,Yearly,No,12
POL_0137,CUST_0137,Home,159001,6,75,Monthly,No,12
POL_0138,CUST_0138,Home,469822,10,420,Quarterly,No,23
POL_0139,CUST_0139,Home,491658,9,434,Quarterly,No,18
POL_0140,CUST_0140,Health,241226,10,105,Yearly,Yes,22
POL_0141,CUST_0141,Home,465775,1,302,Yearly,No,11
POL_0142,CUST_0142,Life,457421,3,683,Yearly,Yes,16
POL_0143,CUST_0143,Auto,251766,2,155,Yearly,No,29
POL_0144,CUST_0144,Life,471691,8,179,Quarterly,No,30
POL_0145,CUST_0145,Home,205413,7,898,Monthly,Yes,27
POL_0146,CUST_0146,Health,367521,2,719,Monthly,Yes,21
POL_0147,CUST_0147,Home,315007,6,425,Monthly,Yes,11
POL_0148,CUST_0148,Auto,222909,3,792,Monthly,No,27
POL_0149,CUST_0149,Life,75439,8,357,Yearly,Yes,12
POL_0150,CUST_0150,Auto,148266,10,140,Quarterly,No,24
POL_0151,CUST_0151,Auto,212459,3,442,Quarterly,Yes,11
POL_0152,CUST_0152,Auto,131361,10,583,Quarterly,Yes,18
POL_0153,CUST_0153,Life,222986,9,851,Yearly,No,13
POL_0154,CUST_0154,Home,207286,1,159,Quarterly,Yes,6
POL_0155,CUST_0155,Auto,368320,5,610,Yearly,Yes,12
POL_0156,CUST_0156,Life,39777,3,690,Quarterly,No,5
POL_0157,CUST_0157,Health,266427,6,634,Monthly,No,23
POL_0158,CUST_0158,Life,167255,10,389,Yearly,No,18
POL_0159,CUST_0159,Health,430661,2,614,Quarterly,Yes,18
POL_0160,CUST_0160,Life,208110,9,405,Monthly,Yes,3
POL_0161,CUST_0161,Home,359345,6,941,Monthly,Yes,18
POL_0162,CUST_0162,Auto,419414,7,217,Monthly,Yes,8
POL_0163,CUST_0163,Home,424627,5,606,Yearly,Yes,15
POL_0164,CUST_0164,Life,191649,9,501,Yearly,No,26
POL_0165,CUST_0165,Auto,288011,1,954,Quarterly,Yes,3
POL_0166,CUST_0166,Health,72501,5,154,Monthly,No,5
POL_0167,CUST_0167,Life,155338,10,199,Quarterly,Yes,7
POL_0168,CUST_0168,Auto,311566,6,195,Quarterly,No,26
POL_0169,CUST_0169,Health,176280,7,765,Monthly,Yes,28
POL_0170,CUST_0170,Health,131544,4,923,Quarterly,Yes,23
POL_0171,CUST_0171,Home,434429,1,348,Yearly,No,15
POL_0172,CUST_0172,Life,148439,8,216,Quarterly,Yes,30
POL_0173,CUST_0173,Health,265230,10,762,Monthly,No,4
POL_0174,CUST_0174,Auto,482242,4,695,Yearly,Yes,20
POL_0175,CUST_0175,Health,45362,3,772,Yearly,Yes,21
POL_0176,CUST_0176,Health,260449,7,97,Quarterly,No,9
POL_0177,CUST_0177,Home,323732,2,687,Quarterly,Yes,22
POL_0178,CUST_0178,Home,179357,8,288,Yearly,No,12
POL_0179,CUST_0179,Auto,136683,6,56,Quarterly,Yes,28
POL_0180,CUST_0180,Home,266157,7,513,Monthly,Yes,25
POL_0181,CUST_0181,Health,215827,5,502,Quarterly,Yes,13
POL_0182,CUST_0182,Health,212918,9,833,Quarterly,Yes,6
POL_0183,CUST_0183,Home,308451,5,946,Yearly,Yes,28
POL_0184,CUST_0184,Health,498383,5,420,Quarterly,Yes,19
POL_0185,CUST_0185,Health,352424,3,598,Quarterly,Yes,5
POL_0186,CUST_0186,Auto,423083,1,536,Quarterly,No,6
POL_0187,CUST_0187,Home,328667,2,260,Monthly,Yes,4
POL_0188,CUST_0188,Health,487377,8,214,Quarterly,Yes,20
POL_0189,CUST_0189,Home,409594,1,174,Monthly,Yes,17
POL_0190,CUST_0190,Auto,225757,7,386,Monthly,No,22
POL_0191,CUST_0191,Home,117669,5,241,Monthly,No,11
POL_0192,CUST_0192,Health,218030,3,779,Monthly,Yes,5
POL_0193,CUST_0193,Home,168998,7,263,Yearly,Yes,26
POL_0194,CUST_0194,Health,113215,9,623,Monthly,Yes,0
POL_0195,CUST_0195,Health,108707,2,377,Quarterly,No,3
POL_0196,CUST_0196,Health,416396,8,430,Monthly,Yes,18
POL_0197,CUST_0197,Auto,102837,9,722,Quarterly,No,11
POL_0198,CUST_0198,Home,390214,3,627,Monthly,Yes,14
POL_0199,CUST_0199,Auto,440147,2,847,Yearly,No,2
POL_0200,CUST_0200,Home,427230,7,288,Monthly,No,22
POL_0201,CUST_0201,Auto,255847,5,581,Monthly,Yes,26
POL_0202,CUST_0202,Life,237544,5,749,Yearly,Yes,27
POL_0203,CUST_0203,Health,352016,10,131,Monthly,Yes,25
POL_0204,CUST_0204,Health,461718,5,412,Quarterly,Yes,19
POL_0205,CUST_0205,Auto,359880,4,554,Monthly,Yes,30
POL_0206,CUST_0206,Life,277614,5,251,Monthly,Yes,27
POL_0207,CUST_0207,Health,237467,4,969,Monthly,Yes,7
POL_0208,CUST_0208,Home,156025,6,553,Yearly,No,10
POL_0209,CUST_0209,Auto,245652,4,693,Monthly,Yes,15
POL_0210,CUST_0210,Health,441723,2,86,Monthly,Yes,8
POL_0211,CUST_0211,Health,365113,9,693,Quarterly,No,2
POL_0212,CUST_0212,Auto,101493,2,638,Monthly,Yes,4
POL_0213,CUST_0213,Auto,278667,9,650,Monthly,Yes,19
POL_0214,CUST_0214,Home,227995,10,451,Monthly,Yes,13
POL_0215,CUST_0215,Home,198262,6,814,Monthly,Yes,27
POL_0216,CUST_0216,Health,450977,9,905,Quarterly,No,25
POL_0217,CUST_0217,Health,303313,9,755,Quarterly,No,14
POL_0218,CUST_0218,Auto,55641,3,225,Yearly,Yes,5
POL_0219,CUST_0219,Health,164062,1,594,Monthly,Yes,26
POL_0220,CUST_0220,Health,39661,1,619,Yearly,No,25
POL_0221,CUST_0221,Auto,154491,3,516,Yearly,Yes,3
POL_0222,CUST_0222,Health,286601,5,250,Monthly,No,7
POL_0223,CUST_0223,Health,339744,3,589,Quarterly,No,18
POL_0224,CUST_0224,Life,113619,9,596,Quarterly,No,26
POL_0225,CUST_0225,Home,348246,9,686,Monthly,Yes,4
POL_0226,CUST_0226,Auto,43085,3,443,Monthly,Yes,12
POL_0227,CUST_0227,Life,107064,3,882,Quarterly,Yes,15
POL_0228,CUST_0228,Home,191726,5,91,Monthly,No,0
POL_0229,CUST_0229,Home,409346,2,646,Monthly,Yes,12
POL_0230,CUST_0230,Home,115723,6,442,Monthly,Yes,30
POL_0231,CUST_0231,Life,143114,7,749,Quarterly,No,21
POL_0232,CUST_0232,Life,342278,9,672,Yearly,Yes,10
POL_0233,CUST_0233,Home,315126,6,832,Yearly,Yes,20
POL_0234,CUST_0234,Health,337329,3,490,Monthly,Yes,7
POL_0235,CUST_0235,Health,43477,5,886,Quarterly,No,24
POL_0236,CUST_0236,Life,124161,4,666,Monthly,Yes,7
POL_0237,CUST_0237,Life,324853,5,555,Quarterly,No,23
POL_0238,CUST_0238,Life,169788,8,967,Monthly,No,27
POL_0239,CUST_0239,Home,350281,8,369,Quarterly,No,13
POL_0240,CUST_0240,Health,308162,6,602,Quarterly,Yes,12
POL_0241,CUST_0241,Life,149133,1,264,Yearly,Yes,2
POL_0242,CUST_0242,Life,149681,8,120,Monthly,Yes,3
POL_0243,CUST_0243,Auto,307515,8,617,Yearly,No,30
POL_0244,CUST_0244,Home,251422,2,968,Yearly,No,26
POL_0245,CUST_0245,Auto,355165,4,285,Quarterly,Yes,19
POL_0246,CUST_0246,Health,424021,2,330,Monthly,No,14
POL_0247,CUST_0247,Auto,280001,4,666,Quarterly,Yes,14
POL_0248,CUST_0248,Auto,152692,10,951,Quarterly,Yes,29
POL_0249,CUST_0249,Auto,18177,7,936,Quarterly,Yes,26
POL_0250,CUST_0250,Home,433327,9,211,Monthly,Yes,20
POL_0251,CUST_0251,Health,261842,8,240,Monthly,Yes,12
POL_0252,CUST_0252,Auto,360722,9,58,Quarterly,Yes,8
POL_0253,CUST_0253,Home,487397,8,109,Monthly,Yes,27
POL_0254,CUST_0254,Health,99941,2,942,Quarterly,No,24
POL_0255,CUST_0255,Life,268121,7,866,Monthly,Yes,9
POL_0256,CUST_0256,Auto,21826,2,274,Monthly,No,28
POL_0257,CUST_0257,Health,154962,2,868,Yearly,No,11
POL_0258,CUST_0258,Auto,354572,4,749,Quarterly,Yes,13
POL_0259,CUST_0259,Life,136044,1,631,Yearly,No,0
POL_0260,CUST_0260,Health,199103,5,854,Yearly,No,13
POL_0261,CUST_0261,Home,347164,6,336,Quarterly,No,13
POL_0262,CUST_0262,Health,15495,9,218,Quarterly,Yes,7
POL_0263,CUST_0263,Home,38481,10,111,Monthly,Yes,15
POL_0264,CUST_0264,Health,152339,8,398,Quarterly,Yes,13
POL_0265,CUST_0265,Home,390041,2,491,Yearly,Yes,0
POL_0266,CUST_0266,Life,246774,1,63,Yearly,Yes,15
POL_0267,CUST_0267,Life,147815,2,213,Quarterly,No,17
POL_0268,CUST_0268,Life,458016,7,469,Yearly,No,6
POL_0269,CUST_0269,Health,113475,4,806,Monthly,Yes,14
POL_0270,CUST_0270,Life,189845,10,896,Yearly,No,23
POL_0271,CUST_0271,Auto,329186,5,569,Monthly,No,16
POL_0272,CUST_0272,Life,59476,7,715,Yearly,No,30
POL_0273,CUST_0273,Home,233177,3,597,Monthly,No,18
POL_0274,CUST_0274,Home,300696,10,609,Monthly,Yes,22
POL_0275,CUST_0275,Home,206314,2,646,Quarterly,Yes,12
POL_0276,CUST_0276,Health,448988,7,77,Monthly,Yes,8
POL_0277,CUST_0277,Auto,446946,5,757,Quarterly,No,23
POL_0278,CUST_0278,Life,170020,1,495,Yearly,No,23
POL_0279,CUST_0279,Auto,217383,1,257,Yearly,Yes,14
POL_0280,CUST_0280,Auto,79093,9,519,Yearly,Yes,24
POL_0281,CUST_0281,Home,79123,5,765,Monthly,No,25
POL_0282,CUST_0282,Home,26535,1,868,Yearly,Yes,2
POL_0283,CUST_0283,Home,338634,7,153,Yearly,Yes,23
POL_0284,CUST_0284,Health,56562,9,791,Quarterly,No,0
POL_0285,CUST_0285,Auto,391186,1,475,Quarterly,No,15
POL_0286,CUST_0286,Auto,266323,10,150,Yearly,Yes,7
POL_0287,CUST_0287,Health,361224,4,590,Yearly,No,28
POL_0288,CUST_0288,Health,268916,3,688,Monthly,Yes,22
POL_0289,CUST_0289,Health,199607,5,899,Monthly,No,12
POL_0290,CUST_0290,Auto,240063,7,571,Yearly,No,30
POL_0291,CUST_0291,Auto,51269,8,155,Quarterly,Yes,7
POL_0292,CUST_0292,Home,90674,2,728,Yearly,No,16
POL_0293,CUST_0293,Home,314606,7,818,Monthly,Yes,21
POL_0294,CUST_0294,Auto,406343,1,856,Quarterly,No,22
POL_0295,CUST_0295,Home,295291,7,326,Quarterly,Yes,13
POL_0296,CUST_0296,Health,448744,8,114,Monthly,No,26
POL_0297,CUST_0297,Life,87095,2,832,Yearly,No,20
POL_0298,CUST_0298,Home,254172,9,949,Yearly,Yes,29
POL_0299,CUST_0299,Auto,210003,1,237,Yearly,No,20
POL_0300,CUST_0300,Home,100925,6,366,Monthly,Yes,6
POL_0301,CUST_0301,Home,76381,1,965,Quarterly,No,30
POL_0302,CUST_0302,Home,109468,3,187,Monthly,No,26
POL_0303,CUST_0303,Life,252330,6,392,Yearly,Yes,14
POL_0304,CUST_0304,Health,335893,3,154,Monthly,No,15
POL_0305,CUST_0305,Auto,441888,8,595,Quarterly,No,18
POL_0306,CUST_0306,Life,23731,5,429,Monthly,Yes,5
POL_0307,CUST_0307,Auto,396791,2,159,Yearly,No,22
POL_0308,CUST_0308,Auto,457728,4,993,Quarterly,Yes,0
POL_0309,CUST_0309,Auto,61024,9,594,Monthly,Yes,11
POL_0310,CUST_0310,Life,126712,4,403,Monthly,Yes,17
POL_0311,CUST_0311,Health,111121,10,792,Quarterly,No,15
POL_0312,CUST_0312,Auto,275976,10,366,Quarterly,No,11
POL_0313,CUST_0313,Health,42332,8,315,Yearly,Yes,19
POL_0314,CUST_0314,Health,22467,5,743,Quarterly,No,12
POL_0315,CUST_0315,Home,51025,10,901,Yearly,Yes,7
POL_0316,CUST_0316,Life,154179,1,114,Monthly,No,26
POL_0317,CUST_0317,Life,87994,7,382,Yearly,Yes,28
POL_0318,CUST_0318,Home,104202,3,562,Monthly,Yes,29
POL_0319,CUST_0319,Home,53481,10,182,Quarterly,No,25
POL_0320,CUST_0320,Health,405797,8,641,Monthly,Yes,21
POL_0321,CUST_0321,Auto,85118,3,832,Quarterly,Yes,0
POL_0322,CUST_0322,Life,396154,1,802,Monthly,No,25
POL_0323,CUST_0323,Auto,454854,5,589,Monthly,Yes,20
POL_0324,CUST_0324,Auto,133714,2,784,Monthly,Yes,6
POL_0325,CUST_0325,Home,411634,4,584,Monthly,No,14
POL_0326,CUST_0326,Auto,234699,1,545,Yearly,Yes,28
POL_0327,CUST_0327,Health,170185,9,670,Monthly,Yes,21
POL_0328,CUST_0328,Home,94363,6,668,Yearly,Yes,12
POL_0329,CUST_0329,Auto,395751,8,706,Quarterly,Yes,12
POL_0330,CUST_0330,Home,335188,4,418,Quarterly,Yes,27
POL_0331,CUST_0331,Health,221027,9,915,Yearly,Yes,8
POL_0332,CUST_0332,Health,464246,2,958,Quarterly,Yes,23
POL_0333,CUST_0333,Auto,283958,9,959,Quarterly,Yes,14
POL_0334,CUST_0334,Home,371484,5,700,Monthly,No,3
POL_0335,CUST_0335,Auto,282168,6,845,Monthly,Yes,12
POL_0336,CUST_0336,Auto,204360,3,859,Monthly,Yes,26
POL_0337,CUST_0337,Home,381380,4,148,Yearly,No,11
POL_0338,CUST_0338,Auto,67836,6,366,Yearly,Yes,4
POL_0339,CUST_0339,Health,279579,7,172,Quarterly,Yes,6
POL_0340,CUST_0340,Home,470300,1,369,Monthly,Yes,7
POL_0341,CUST_0341,Home,265095,7,848,Yearly,Yes,4
POL_0342,CUST_0342,Home,342745,1,642,Yearly,Yes,8
POL_0343,CUST_0343,Home,491632,5,544,Monthly,Yes,13
POL_0344,CUST_0344,Auto,271176,6,506,Yearly,No,25
POL_0345,CUST_0345,Auto,393015,2,571,Monthly,No,11
POL_0346,CUST_0346,Health,259717,10,569,Quarterly,No,3
POL_0347,CUST_0347,Life,144479,9,966,Quarterly,No,19
POL_0348,CUST_0348,Life,371087,10,766,Quarterly,No,28
POL_0349,CUST_0349,Health,42940,6,364,Monthly,Yes,7
POL_0350,CUST_0350,Life,15666,7,995,Yearly,Yes,16
POL_0351,CUST_0351,Health,309266,10,758,Quarterly,Yes,7
POL_0352,CUST_0352,Auto,390791,8,759,Quarterly,Yes,20
POL_0353,CUST_0353,Home,166164,10,591,Quarterly,Yes,28
POL_0354,CUST_0354,Home,401897,1,528,Yearly,No,29
POL_0355,CUST_0355,Auto,395546,8,962,Yearly,No,26
POL_0356,CUST_0356,Home,216717,4,69,Monthly,Yes,0
POL_0357,CUST_0357,Home,373334,10,609,Quarterly,Yes,19
POL_0358,CUST_0358,Life,372612,8,179,Yearly,Yes,1
POL_0359,CUST_0359,Auto,401351,6,342,Monthly,No,3
POL_0360,CUST_0360,Life,36505,9,946,Quarterly,No,23
POL_0361,CUST_0361,Life,46713,4,181,Yearly,Yes,20
POL_0362,CUST_0362,Home,457603,2,405,Yearly,No,0
POL_0363,CUST_0363,Home,315313,2,103,Monthly,Yes,6
POL_0364,CUST_0364,Auto,214354,5,939,Quarterly,No,0
POL_0365,CUST_0365,Home,87511,10,842,Quarterly,No,8
POL_0366,CUST_0366,Home,454958,9,436,Yearly,Yes,2
POL_0367,CUST_0367,Auto,312666,3,314,Quarterly,No,11
POL_0368,CUST_0368,Home,222204,8,264,Monthly,No,18
POL_0369,CUST_0369,Life,260694,4,509,Yearly,Yes,14
POL_0370,CUST_0370,Auto,259836,6,507,Yearly,No,30
POL_0371,CUST_0371,Home,244561,10,851,Monthly,Yes,21
POL_0372,CUST_0372,Health,371541,6,92,Yearly,No,15
POL_0373,CUST_0373,Auto,13880,3,635,Quarterly,Yes,9
POL_0374,CUST_0374,Auto,446670,5,911,Quarterly,Yes,21
POL_0375,CUST_0375,Health,458927,3,327,Yearly,No,28
POL_0376,CUST_0376,Home,53539,1,887,Monthly,No,26
POL_0377,CUST_0377,Home,250056,7,803,Monthly,Yes,26
POL_0378,CUST_0378,Auto,471537,4,179,Quarterly,No,5
POL_0379,CUST_0379,Auto,229057,7,399,Monthly,No,28
POL_0380,CUST_0380,Home,24799,3,755,Yearly,No,16
POL_0381,CUST_0381,Home,114843,5,593,Yearly,Yes,20
POL_0382,CUST_0382,Life,463318,5,155,Quarterly,Yes,27
POL_0383,CUST_0383,Auto,453942,2,961,Quarterly,Yes,21
POL_0384,CUST_0384,Auto,58784,10,765,Quarterly,No,23
POL_0385,CUST_0385,Health,123034,2,50,Monthly,No,28
POL_0386,CUST_0386,Life,446549,4,806,Yearly,Yes,16
POL_0387,CUST_0387,Home,444044,4,633,Yearly,Yes,20
POL_0388,CUST_0388,Life,210598,4,481,Yearly,No,18
POL_0389,CUST_0389,Home,64362,6,355,Quarterly,No,17
POL_0390,CUST_0390,Home,63997,2,958,Yearly,No,10
POL_0391,CUST_0391,Life,191413,6,576,Monthly,No,23
POL_0392,CUST_0392,Auto,422289,7,102,Monthly,Yes,6
POL_0393,CUST_0393,Home,374543,10,989,Yearly,No,9
POL_0394,CUST_0394,Life,286693,3,569,Quarterly,No,6
POL_0395,CUST_0395,Health,487011,8,379,Yearly,Yes,4
POL_0396,CUST_0396,Life,329064,2,607,Monthly,Yes,11
POL_0397,CUST_0397,Health,226398,8,374,Monthly,No,15
POL_0398,CUST_0398,Home,478731,5,163,Monthly,Yes,28
POL_0399,CUST_0399,Life,270464,2,196,Yearly,No,24
POL_0400,CUST_0400,Life,423532,7,215,Monthly,No,20
POL_0401,CUST_0401,Health,167255,2,428,Quarterly,Yes,17
POL_0402,CUST_0402,Life,366004,6,188,Yearly,Yes,2
POL_0403,CUST_0403,Life,34624,10,678,Yearly,No,19
POL_0404,CUST_0404,Home,203587,3,348,Monthly,Yes,14
POL_0405,CUST_0405,Life,244784,9,325,Monthly,No,4
POL_0406,CUST_0406,Auto,488997,3,965,Quarterly,No,12
POL_0407,CUST_0407,Health,56705,3,838,Yearly,No,18
POL_0408,CUST_0408,Life,99326,5,899,Monthly,Yes,11
POL_0409,CUST_0409,Health,429972,7,874,Quarterly,No,29
POL_0410,CUST_0410,Health,332534,8,227,Monthly,No,22
POL_0411,CUST_0411,Health,78369,7,891,Yearly,No,20
POL_0412,CUST_0412,Life,211893,9,403,Monthly,Yes,4
POL_0413,CUST_0413,Life,281733,5,203,Yearly,No,5
POL_0414,CUST_0414,Health,123012,10,975,Monthly,No,6
POL_0415,CUST_0415,Auto,417332,3,250,Yearly,No,25
POL_0416,CUST_0416,Health,345325,6,927,Quarterly,Yes,9
POL_0417,CUST_0417,Auto,185858,5,164,Yearly,No,15
POL_0418,CUST_0418,Health,235758,4,720,Quarterly,No,7
POL_0419,CUST_0419,Home,133711,2,603,Yearly,Yes,8
POL_0420,CUST_0420,Health,86425,7,808,Quarterly,Yes,26
POL_0421,CUST_0421,Health,433502,5,117,Monthly,No,3
POL_0422,CUST_0422,Life,25994,4,494,Yearly,No,20
POL_0423,CUST_0423,Auto,121915,8,494,Monthly,No,30
POL_0424,CUST_0424,Home,395105,9,375,Quarterly,Yes,20
POL_0425,CUST_0425,Auto,493414,9,895,Yearly,Yes,7
POL_0426,CUST_0426,Home,114672,3,757,Yearly,No,24
POL_0427,CUST_0427,Health,298783,3,651,Monthly,Yes,6
POL_0428,CUST_0428,Life,289349,5,672,Yearly,No,14
POL_0429,CUST_0429,Life,328821,5,929,Yearly,No,20
POL_0430,CUST_0430,Auto,42930,10,408,Monthly,Yes,2
POL_0431,CUST_0431,Life,83313,2,194,Yearly,No,16
POL_0432,CUST_0432,Auto,234923,1,324,Monthly,Yes,10
POL_0433,CUST_0433,Auto,123153,8,558,Monthly,Yes,8
POL_0434,CUST_0434,Home,495725,3,228,Monthly,No,4
POL_0435,CUST_0435,Auto,290460,1,802,Monthly,Yes,24
POL_0436,CUST_0436,Home,430520,1,887,Monthly,No,9
POL_0437,CUST_0437,Life,242911,2,880,Quarterly,Yes,14
POL_0438,CUST_0438,Auto,106058,6,526,Quarterly,No,27
POL_0439,CUST_0439,Auto,97876,6,892,Monthly,No,28
POL_0440,CUST_0440,Health,95366,3,463,Quarterly,No,13
POL_0441,CUST_0441,Auto,23403,4,202,Quarterly,Yes,3
POL_0442,CUST_0442,Auto,352196,2,153,Yearly,No,20
POL_0443,CUST_0443,Health,258550,2,124,Monthly,Yes,19
POL_0444,CUST_0444,Health,271420,7,177,Quarterly,Yes,1
POL_0445,CUST_0445,Life,487843,1,760,Yearly,Yes,11
POL_0446,CUST_0446,Auto,345639,7,715,Yearly,Yes,0
POL_0447,CUST_0447,Life,173004,1,617,Monthly,Yes,23
POL_0448,CUST_0448,Life,368234,6,839,Monthly,No,19
POL_0449,CUST_0449,Health,308845,3,394,Yearly,Yes,4
POL_0450,CUST_0450,Home,406601,8,580,Monthly,No,5
POL_0451,CUST_0451,Life,262396,6,208,Monthly,No,29
POL_0452,CUST_0452,Home,67241,2,587,Yearly,Yes,23
POL_0453,CUST_0453,Auto,151439,8,475,Yearly,No,10
POL_0454,CUST_0454,Health,75030,5,730,Monthly,No,7
POL_0455,CUST_0455,Auto,187577,8,72,Quarterly,Yes,6
POL_0456,CUST_0456,Auto,174404,8,96,Monthly,No,3
POL_0457,CUST_0457,Health,488394,6,574,Quarterly,Yes,5
POL_0458,CUST_0458,Auto,217397,2,778,Yearly,Yes,15
POL_0459,CUST_0459,Health,438484,8,883,Quarterly,Yes,19
POL_0460,CUST_0460,Home,489702,6,755,Yearly,No,14
POL_0461,CUST_0461,Auto,428779,6,193,Monthly,No,13
POL_0462,CUST_0462,Health,115185,8,634,Monthly,No,22
POL_0463,CUST_0463,Life,46404,1,717,Yearly,No,11
POL_0464,CUST_0464,Auto,65182,2,638,Yearly,Yes,28
POL_0465,CUST_0465,Home,305135,9,468,Yearly,Yes,11
POL_0466,CUST_0466,Health,114601,8,730,Monthly,No,15
POL_0467,CUST_0467,Auto,188735,7,848,Monthly,Yes,14
POL_0468,CUST_0468,Auto,338030,7,134,Quarterly,No,28
POL_0469,CUST_0469,Auto,132002,5,465,Yearly,Yes,12
POL_0470,CUST_0470,Home,355992,2,743,Quarterly,Yes,10
POL_0471,CUST_0471,Health,427343,6,531,Monthly,Yes,29
POL_0472,CUST_0472,Life,329836,10,505,Quarterly,Yes,16
POL_0473,CUST_0473,Life,235461,3,876,Quarterly,Yes,20
POL_0474,CUST_0474,Life,309644,4,346,Monthly,No,14
POL_0475,CUST_0475,Health,305929,10,161,Monthly,No,13
POL_0476,CUST_0476,Life,94146,2,279,Yearly,Yes,9
POL_0477,CUST_0477,Home,492342,2,145,Quarterly,No,11
POL_0478,CUST_0478,Health,498195,8,999,Monthly,Yes,15
POL_0479,CUST_0479,Auto,57997,8,729,Monthly,Yes,14
POL_0480,CUST_0480,Home,17170,10,427,Quarterly,Yes,9
POL_0481,CUST_0481,Auto,154375,6,205,Monthly,Yes,30
POL_0482,CUST_0482,Life,343887,5,470,Yearly,No,3
POL_0483,CUST_0483,Home,481068,8,154,Yearly,Yes,26
POL_0484,CUST_0484,Health,45187,4,754,Quarterly,No,22
POL_0485,CUST_0485,Home,206106,4,379,Yearly,Yes,28
POL_0486,CUST_0486,Auto,474992,5,488,Monthly,Yes,8
POL_0487,CUST_0487,Health,142965,1,181,Monthly,No,20
POL_0488,CUST_0488,Home,154825,1,916,Monthly,Yes,19
POL_0489,CUST_0489,Home,48090,2,431,Monthly,Yes,30
POL_0490,CUST_0490,Home,468138,8,187,Quarterly,No,8
POL_0491,CUST_0491,Home,479984,7,992,Yearly,No,20
POL_0492,CUST_0492,Health,331556,10,892,Yearly,No,24
POL_0493,CUST_0493,Auto,263478,9,319,Monthly,Yes,23
POL_0494,CUST_0494,Home,328174,5,599,Quarterly,Yes,19
POL_0495,CUST_0495,Health,27509,2,445,Monthly,No,10
POL_0496,CUST_0496,Auto,78653,7,606,Monthly,No,10
POL_0497,CUST_0497,Home,178001,8,962,Quarterly,Yes,6
POL_0498,CUST_0498,Auto,401770,7,513,Quarterly,Yes,20
POL_0499,CUST_0499,Auto,451507,7,724,Monthly,No,9
POL_0500,CUST_0500,Health,276186,5,499,Yearly,No,3
POL_0501,CUST_0501,Auto,203646,2,380,Monthly,No,4
POL_0502,CUST_0502,Health,309345,6,302,Yearly,No,4
POL_0503,CUST_0503,Home,233354,4,730,Yearly,Yes,10
POL_0504,CUST_0504,Auto,24016,10,334,Quarterly,Yes,30
POL_0505,CUST_0505,Auto,297166,2,323,Quarterly,Yes,8
POL_0506,CUST_0506,Life,242034,9,69,Monthly,Yes,27
POL_0507,CUST_0507,Home,37938,7,288,Yearly,No,15
POL_0508,CUST_0508,Home,184750,6,319,Yearly,Yes,8
POL_0509,CUST_0509,Life,390315,5,467,Monthly,No,21
POL_0510,CUST_0510,Life,270710,3,994,Monthly,Yes,29
POL_0511,CUST_0511,Health,242320,10,359,Monthly,Yes,3
POL_0512,CUST_0512,Health,333864,10,80,Quarterly,Yes,30
POL_0513,CUST_0513,Auto,377658,4,875,Monthly,No,1
POL_0514,CUST_0514,Auto,197877,3,153,Monthly,Yes,13
POL_0515,CUST_0515,Auto,477539,8,731,Yearly,No,2
POL_0516,CUST_0516,Auto,143058,3,235,Monthly,No,17
POL_0517,CUST_0517,Health,86478,7,177,Yearly,Yes,20
POL_0518,CUST_0518,Home,486210,7,259,Yearly,No,5
POL_0519,CUST_0519,Auto,415377,7,463,Quarterly,Yes,10
POL_0520,CUST_0520,Home,423905,7,330,Monthly,No,20
POL_0521,CUST_0521,Auto,137101,2,302,Monthly,Yes,17
POL_0522,CUST_0522,Life,366843,10,68,Yearly,No,11
POL_0523,CUST_0523,Auto,201996,3,761,Quarterly,No,4
POL_0524,CUST_0524,Auto,371417,10,781,Quarterly,Yes,8
POL_0525,CUST_0525,Auto,215380,9,185,Monthly,Yes,19
POL_0526,CUST_0526,Health,242200,3,272,Yearly,Yes,27
POL_0527,CUST_0527,Life,73745,2,52,Monthly,Yes,25
POL_0528,CUST_0528,Auto,142283,9,285,Monthly,No,17
POL_0529,CUST_0529,Auto,403445,10,903,Monthly,No,18
POL_0530,CUST_0530,Home,391116,9,514,Monthly,No,2
POL_0531,CUST_0531,Life,451758,4,277,Yearly,No,8
POL_0532,CUST_0532,Auto,417561,9,962,Quarterly,Yes,3
POL_0533,CUST_0533,Home,111489,3,703,Monthly,No,30
POL_0534,CUST_0534,Home,41819,7,548,Monthly,Yes,16
POL_0535,CUST_0535,Health,57779,7,570,Monthly,No,16
POL_0536,CUST_0536,Home,223493,8,751,Monthly,Yes,30
POL_0537,CUST_0537,Auto,364388,10,911,Quarterly,Yes,22
POL_0538,CUST_0538,Health,75584,4,966,Quarterly,Yes,22
POL_0539,CUST_0539,Health,423166,3,726,Quarterly,Yes,1
POL_0540,CUST_0540,Auto,156245,3,188,Quarterly,Yes,8
POL_0541,CUST_0541,Life,258815,5,325,Monthly,No,8
POL_0542,CUST_0542,Home,330176,1,340,Yearly,Yes,4
POL_0543,CUST_0543,Health,387218,10,102,Quarterly,No,14
POL_0544,CUST_0544,Life,371417,3,736,Quarterly,No,14
POL_0545,CUST_0545,Auto,300180,6,159,Monthly,Yes,2
POL_0546,CUST_0546,Home,264957,3,764,Monthly,No,18
POL_0547,CUST_0547,Home,81356,5,997,Monthly,No,27
POL_0548,CUST_0548,Health,155364,9,697,Monthly,No,2
POL_0549,CUST_0549,Home,13052,2,53,Yearly,Yes,5
POL_0550,CUST_0550,Home,316521,2,716,Yearly,Yes,3
POL_0551,CUST_0551,Home,492533,6,733,Quarterly,Yes,23
POL_0552,CUST_0552,Home,208910,6,985,Yearly,Yes,30
POL_0553,CUST_0553,Auto,339963,8,919,Quarterly,No,12
POL_0554,CUST_0554,Life,385833,2,96,Quarterly,No,26
POL_0555,CUST_0555,Auto,156692,9,143,Yearly,No,12
POL_0556,CUST_0556,Auto,40461,2,989,Quarterly,No,26
POL_0557,CUST_0557,Health,292894,1,609,Monthly,No,10
POL_0558,CUST_0558,Home,491935,10,801,Quarterly,No,4
POL_0559,CUST_0559,Auto,19472,2,908,Monthly,Yes,0
POL_0560,CUST_0560,Home,341407,7,262,Yearly,No,8
POL_0561,CUST_0561,Auto,122036,8,485,Yearly,No,16
POL_0562,CUST_0562,Auto,198674,5,901,Quarterly,No,21
POL_0563,CUST_0563,Health,297667,6,557,Monthly,Yes,0
POL_0564,CUST_0564,Life,171838,1,885,Quarterly,No,2
POL_0565,CUST_0565,Life,375406,6,700,Yearly,No,14
POL_0566,CUST_0566,Auto,76060,8,254,Quarterly,Yes,25
POL_0567,CUST_0567,Health,281223,3,430,Quarterly,No,20
POL_0568,CUST_0568,Home,149471,1,122,Monthly,Yes,30
POL_0569,CUST_0569,Home,332870,4,565,Yearly,Yes,25
POL_0570,CUST_0570,Auto,365050,1,125,Quarterly,No,22
POL_0571,CUST_0571,Life,288676,8,890,Monthly,No,29
POL_0572,CUST_0572,Health,394833,5,126,Quarterly,Yes,9
POL_0573,CUST_0573,Life,485573,1,865,Monthly,No,7
POL_0574,CUST_0574,Home,53162,8,817,Monthly,No,11
POL_0575,CUST_0575,Life,406965,9,459,Quarterly,Yes,24
POL_0576,CUST_0576,Home,283497,10,663,Yearly,Yes,21
POL_0577,CUST_0577,Health,122313,2,155,Yearly,No,14
POL_0578,CUST_0578,Health,38477,9,894,Monthly,Yes,26
POL_0579,CUST_0579,Auto,165642,8,600,Yearly,No,8
POL_0580,CUST_0580,Auto,96373,7,525,Monthly,No,23
POL_0581,CUST_0581,Life,414653,3,875,Yearly,No,24
POL_0582,CUST_0582,Health,179176,2,324,Quarterly,No,9
POL_0583,CUST_0583,Health,204442,7,137,Yearly,Yes,19
POL_0584,CUST_0584,Auto,14551,5,772,Monthly,No,8
POL_0585,CUST_0585,Home,78359,6,930,Monthly,Yes,14
POL_0586,CUST_0586,Life,458096,4,126,Yearly,No,22
POL_0587,CUST_0587,Life,153988,2,126,Quarterly,No,20
POL_0588,CUST_0588,Auto,136150,9,491,Monthly,Yes,20
POL_0589,CUST_0589,Health,483919,3,589,Monthly,No,0
POL_0590,CUST_0590,Auto,182517,7,294,Monthly,Yes,1
POL_0591,CUST_0591,Auto,319780,8,627,Monthly,Yes,25
POL_0592,CUST_0592,Auto,477143,2,827,Monthly,No,18
POL_0593,CUST_0593,Auto,481410,6,431,Quarterly,No,29
POL_0594,CUST_0594,Home,301829,8,766,Yearly,No,13
POL_0595,CUST_0595,Home,323278,7,619,Quarterly,No,7
POL_0596,CUST_0596,Health,361060,3,762,Quarterly,Yes,5
POL_0597,CUST_0597,Auto,117967,1,786,Monthly,No,11
POL_0598,CUST_0598,Home,104455,6,191,Quarterly,No,25
POL_0599,CUST_0599,Health,268835,8,942,Monthly,No,26
POL_0600,CUST_0600,Auto,471063,6,417,Quarterly,No,28
POL_0601,CUST_0601,Life,443209,5,133,Monthly,No,14
POL_0602,CUST_0602,Home,185405,8,192,Monthly,Yes,13
POL_0603,CUST_0603,Health,249646,2,401,Quarterly,No,20
POL_0604,CUST_0604,Life,199937,1,594,Quarterly,Yes,28
POL_0605,CUST_0605,Auto,482312,1,962,Yearly,No,0
POL_0606,CUST_0606,Auto,321900,4,201,Yearly,No,27
POL_0607,CUST_0607,Auto,395007,6,207,Yearly,No,10
POL_0608,CUST_0608,Home,71192,9,495,Quarterly,Yes,27
POL_0609,CUST_0609,Health,201758,1,702,Quarterly,No,24
POL_0610,CUST_0610,Life,320877,1,812,Monthly,Yes,2
POL_0611,CUST_0611,Health,245161,5,352,Yearly,Yes,18
POL_0612,CUST_0612,Home,298137,10,673,Monthly,No,17
POL_0613,CUST_0613,Health,171564,5,705,Monthly,Yes,19
POL_0614,CUST_0614,Home,162053,5,499,Monthly,No,27
POL_0615,CUST_0615,Auto,296287,10,770,Monthly,No,1
POL_0616,CUST_0616,Life,480819,6,273,Yearly,Yes,28
POL_0617,CUST_0617,Auto,492668,8,92,Monthly,No,24
POL_0618,CUST_0618,Health,201349,3,313,Quarterly,No,27
POL_0619,CUST_0619,Auto,117044,9,805,Quarterly,Yes,25
POL_0620,CUST_0620,Life,191062,1,52,Quarterly,Yes,6
POL_0621,CUST_0621,Auto,138406,4,686,Yearly,Yes,7
POL_0622,CUST_0622,Life,466104,9,317,Monthly,Yes,18
POL_0623,CUST_0623,Life,79351,8,645,Yearly,Yes,21
POL_0624,CUST_0624,Auto,191071,10,65,Monthly,Yes,14
POL_0625,CUST_0625,Home,244085,9,383,Yearly,No,9
POL_0626,CUST_0626,Health,243883,1,513,Yearly,Yes,21
POL_0627,CUST_0627,Home,80309,9,108,Monthly,Yes,28
POL_0628,CUST_0628,Home,415662,3,226,Yearly,No,0
POL_0629,CUST_0629,Auto,171805,10,112,Monthly,No,5
POL_0630,CUST_0630,Health,129156,9,610,Quarterly,Yes,12
POL_0631,CUST_0631,Health,348144,1,356,Quarterly,Yes,13
POL_0632,CUST_0632,Home,451848,1,295,Quarterly,No,2
POL_0633,CUST_0633,Auto,31576,9,338,Yearly,Yes,10
POL_0634,CUST_0634,Health,13320,6,847,Quarterly,Yes,2
POL_0635,CUST_0635,Home,151822,4,381,Monthly,No,18
POL_0636,CUST_0636,Health,113002,7,576,Quarterly,Yes,9
POL_0637,CUST_0637,Auto,194535,5,899,Quarterly,No,26
POL_0638,CUST_0638,Auto,36572,10,304,Yearly,Yes,14
POL_0639,CUST_0639,Auto,290092,7,653,Monthly,No,10
POL_0640,CUST_0640,Health,126528,8,559,Yearly,No,14
POL_0641,CUST_0641,Life,179898,8,840,Yearly,No,25
POL_0642,CUST_0642,Health,99051,1,767,Monthly,Yes,26
POL_0643,CUST_0643,Life,300011,8,655,Yearly,No,23
POL_0644,CUST_0644,Auto,201303,6,786,Monthly,Yes,12
POL_0645,CUST_0645,Home,469478,4,862,Quarterly,No,4
POL_0646,CUST_0646,Life,232428,8,879,Monthly,No,3
POL_0647,CUST_0647,Auto,267412,3,512,Monthly,No,12
POL_0648,CUST_0648,Auto,213305,4,248,Monthly,Yes,8
POL_0649,CUST_0649,Life,316822,6,320,Yearly,Yes,24
POL_0650,CUST_0650,Home,379705,7,795,Monthly,No,16
POL_0651,CUST_0651,Auto,285107,4,607,Monthly,Yes,1
POL_0652,CUST_0652,Life,467576,4,113,Monthly,Yes,23
POL_0653,CUST_0653,Home,59434,7,279,Quarterly,Yes,4
POL_0654,CUST_0654,Home,76617,6,991,Monthly,No,15
POL_0655,CUST_0655,Auto,423485,8,298,Yearly,Yes,6
POL_0656,CUST_0656,Health,127569,1,295,Monthly,No,0
POL_0657,CUST_0657,Health,217384,10,989,Monthly,No,27
POL_0658,CUST_0658,Auto,369496,7,636,Quarterly,No,25
POL_0659,CUST_0659,Home,351876,7,206,Monthly,Yes,11
POL_0660,CUST_0660,Auto,379792,7,784,Yearly,No,20
POL_0661,CUST_0661,Life,91494,7,751,Monthly,Yes,10
POL_0662,CUST_0662,Health,229977,10,613,Yearly,Yes,11
POL_0663,CUST_0663,Life,87225,10,999,Quarterly,No,18
POL_0664,CUST_0664,Auto,92867,8,137,Monthly,No,25
POL_0665,CUST_0665,Auto,178600,9,362,Quarterly,No,11
POL_0666,CUST_0666,Home,265669,9,900,Monthly,Yes,11
POL_0667,CUST_0667,Home,351116,2,115,Yearly,Yes,13
POL_0668,CUST_0668,Home,468818,7,711,Quarterly,No,1
POL_0669,CUST_0669,Life,368405,7,69,Monthly,No,1
POL_0670,CUST_0670,Home,100748,4,82,Yearly,Yes,24
POL_0671,CUST_0671,Auto,264265,9,889,Quarterly,Yes,28
POL_0672,CUST_0672,Home,174404,8,842,Monthly,No,3
POL_0673,CUST_0673,Health,396625,1,607,Quarterly,Yes,19
POL_0674,CUST_0674,Home,494153,2,122,Monthly,Yes,22
POL_0675,CUST_0675,Life,139529,2,915,Yearly,Yes,25
POL_0676,CUST_0676,Health,482145,8,874,Yearly,Yes,15
POL_0677,CUST_0677,Health,472422,1,392,Quarterly,Yes,9
POL_0678,CUST_0678,Health,494353,4,182,Quarterly,Yes,12
POL_0679,CUST_0679,Life,274395,10,104,Monthly,No,1
POL_0680,CUST_0680,Auto,448933,5,110,Yearly,Yes,2
POL_0681,CUST_0681,Home,371252,9,906,Monthly,No,18
POL_0682,CUST_0682,Health,168099,7,569,Yearly,No,5
POL_0683,CUST_0683,Health,107382,8,321,Quarterly,Yes,18
POL_0684,CUST_0684,Health,489767,9,295,Monthly,No,26
POL_0685,CUST_0685,Auto,19583,7,225,Monthly,No,20
POL_0686,CUST_0686,Auto,60387,5,677,Yearly,No,19
POL_0687,CUST_0687,Life,295248,5,366,Yearly,Yes,18
POL_0688,CUST_0688,Auto,22224,10,832,Yearly,No,7
POL_0689,CUST_0689,Home,332768,6,754,Quarterly,Yes,13
POL_0690,CUST_0690,Life,459274,5,711,Monthly,No,9
POL_0691,CUST_0691,Life,376464,9,180,Yearly,No,2
POL_0692,CUST_0692,Home,237444,3,151,Quarterly,No,5
POL_0693,CUST_0693,Home,432515,3,359,Yearly,No,28
POL_0694,CUST_0694,Home,350716,7,831,Monthly,Yes,14
POL_0695,CUST_0695,Life,357613,7,341,Yearly,No,22
POL_0696,CUST_0696,Life,350072,6,771,Monthly,No,22
POL_0697,CUST_0697,Life,476690,3,544,Quarterly,Yes,17
POL_0698,CUST_0698,Home,276285,7,410,Quarterly,Yes,13
POL_0699,CUST_0699,Home,164422,5,387,Yearly,Yes,18
POL_0700,CUST_0700,Health,478298,7,628,Monthly,No,27
POL_0701,CUST_0701,Auto,343015,2,59,Monthly,Yes,25
POL_0702,CUST_0702,Health,146149,6,98,Monthly,Yes,9
POL_0703,CUST_0703,Home,56015,8,536,Yearly,Yes,14
POL_0704,CUST_0704,Life,474363,1,672,Monthly,Yes,3
POL_0705,CUST_0705,Home,462396,4,370,Monthly,Yes,22
POL_0706,CUST_0706,Auto,181929,1,780,Monthly,Yes,1
POL_0707,CUST_0707,Health,242268,1,618,Monthly,No,2
POL_0708,CUST_0708,Health,200912,10,844,Yearly,Yes,6
POL_0709,CUST_0709,Life,332046,8,674,Yearly,No,22
POL_0710,CUST_0710,Health,15577,7,182,Monthly,Yes,15
POL_0711,CUST_0711,Health,292146,10,632,Monthly,Yes,30
POL_0712,CUST_0712,Home,60711,1,132,Quarterly,Yes,9
POL_0713,CUST_0713,Health,49451,2,106,Quarterly,No,18
POL_0714,CUST_0714,Health,190175,4,425,Monthly,Yes,27
POL_0715,CUST_0715,Health,431863,1,398,Monthly,Yes,16
POL_0716,CUST_0716,Life,44831,3,320,Quarterly,Yes,27
POL_0717,CUST_0717,Life,259402,8,532,Quarterly,Yes,18
POL_0718,CUST_0718,Home,241376,8,160,Monthly,No,4
POL_0719,CUST_0719,Health,368642,8,918,Yearly,No,22
POL_0720,CUST_0720,Life,401093,6,936,Yearly,No,19
POL_0721,CUST_0721,Life,254942,6,125,Monthly,No,12
POL_0722,CUST_0722,Home,105119,5,207,Monthly,No,12
POL_0723,CUST_0723,Auto,338974,9,581,Quarterly,Yes,10
POL_0724,CUST_0724,Health,352776,4,982,Quarterly,Yes,10
POL_0725,CUST_0725,Life,308977,10,692,Yearly,Yes,15
POL_0726,CUST_0726,Home,253466,7,378,Monthly,No,14
POL_0727,CUST_0727,Home,233936,1,171,Quarterly,Yes,16
POL_0728,CUST_0728,Home,296542,9,90,Yearly,No,21
POL_0729,CUST_0729,Life,71554,7,216,Yearly,Yes,17
POL_0730,CUST_0730,Health,60755,10,971,Yearly,No,27
POL_0731,CUST_0731,Auto,420922,9,691,Quarterly,Yes,18
POL_0732,CUST_0732,Health,163412,7,72,Quarterly,Yes,3
POL_0733,CUST_0733,Home,337138,2,328,Monthly,Yes,21
POL_0734,CUST_0734,Home,73884,6,812,Monthly,Yes,21
POL_0735,CUST_0735,Auto,356505,10,518,Yearly,No,22
POL_0736,CUST_0736,Health,27482,4,449,Yearly,Yes,4
POL_0737,CUST_0737,Home,64225,3,58,Quarterly,Yes,6
POL_0738,CUST_0738,Home,199921,2,62,Quarterly,Yes,1
POL_0739,CUST_0739,Health,84854,6,973,Monthly,No,0
POL_0740,CUST_0740,Home,51256,8,972,Monthly,Yes,11
POL_0741,CUST_0741,Health,250617,6,868,Monthly,Yes,9
POL_0742,CUST_0742,Home,118721,9,881,Quarterly,Yes,7
POL_0743,CUST_0743,Health,91110,5,101,Yearly,Yes,0
POL_0744,CUST_0744,Auto,123606,2,258,Monthly,Yes,11
POL_0745,CUST_0745,Home,24650,8,599,Monthly,No,1
POL_0746,CUST_0746,Auto,187190,9,661,Quarterly,No,26
POL_0747,CUST_0747,Home,38930,10,754,Monthly,No,27
POL_0748,CUST_0748,Home,226779,4,451,Yearly,Yes,9
POL_0749,CUST_0749,Life,270102,6,240,Quarterly,No,21
POL_0750,CUST_0750,Health,372544,10,100,Monthly,Yes,16
POL_0751,CUST_0751,Auto,283945,8,442,Monthly,Yes,25
POL_0752,CUST_0752,Auto,61360,9,702,Quarterly,Yes,2
POL_0753,CUST_0753,Auto,360052,5,729,Quarterly,Yes,6
POL_0754,CUST_0754,Health,157631,6,872,Monthly,No,11
POL_0755,CUST_0755,Life,304478,4,670,Yearly,No,7
POL_0756,CUST_0756,Auto,246545,5,768,Quarterly,No,19
POL_0757,CUST_0757,Health,23288,7,988,Yearly,Yes,11
POL_0758,CUST_0758,Home,163470,9,349,Monthly,No,2
POL_0759,CUST_0759,Auto,217302,10,671,Yearly,No,16
POL_0760,CUST_0760,Auto,284335,6,245,Monthly,Yes,27
POL_0761,CUST_0761,Life,290195,6,466,Monthly,No,8
POL_0762,CUST_0762,Auto,71715,8,713,Monthly,Yes,9
POL_0763,CUST_0763,Auto,20737,4,469,Monthly,No,21
POL_0764,CUST_0764,Home,75140,3,804,Yearly,No,5
POL_0765,CUST_0765,Health,166323,7,689,Monthly,No,24
POL_0766,CUST_0766,Health,192047,5,666,Monthly,Yes,0
POL_0767,CUST_0767,Life,277291,2,571,Yearly,No,21
POL_0768,CUST_0768,Home,60508,2,405,Quarterly,No,11
POL_0769,CUST_0769,Health,324368,6,197,Yearly,No,4
POL_0770,CUST_0770,Home,291787,8,414,Yearly,No,12
POL_0771,CUST_0771,Health,311111,1,413,Yearly,Yes,26
POL_0772,CUST_0772,Home,113535,6,701,Monthly,Yes,14
POL_0773,CUST_0773,Life,312877,2,751,Monthly,No,21
POL_0774,CUST_0774,Auto,487219,2,451,Monthly,No,29
POL_0775,CUST_0775,Life,306952,7,655,Quarterly,No,10
POL_0776,CUST_0776,Health,208360,10,541,Monthly,Yes,7
POL_0777,CUST_0777,Life,68959,1,278,Quarterly,No,4
POL_0778,CUST_0778,Auto,405065,6,624,Monthly,No,1
POL_0779,CUST_0779,Life,340322,7,901,Yearly,Yes,11
POL_0780,CUST_0780,Health,208208,8,586,Monthly,Yes,27
POL_0781,CUST_0781,Health,201812,7,317,Quarterly,Yes,1
POL_0782,CUST_0782,Life,122255,6,454,Quarterly,No,25
POL_0783,CUST_0783,Auto,96322,9,842,Monthly,Yes,15
POL_0784,CUST_0784,Life,316709,3,60,Yearly,Yes,20
POL_0785,CUST_0785,Auto,423399,6,369,Monthly,No,2
POL_0786,CUST_0786,Home,11132,4,762,Monthly,Yes,9
POL_0787,CUST_0787,Auto,179331,2,175,Monthly,No,18
POL_0788,CUST_0788,Home,237684,1,355,Yearly,No,7
POL_0789,CUST_0789,Life,335812,1,751,Quarterly,Yes,6
POL_0790,CUST_0790,Auto,269427,10,560,Yearly,No,0
POL_0791,CUST_0791,Home,441779,3,138,Quarterly,Yes,11
POL_0792,CUST_0792,Home,495443,4,404,Quarterly,Yes,28
POL_0793,CUST_0793,Home,118835,2,677,Quarterly,Yes,27
POL_0794,CUST_0794,Health,152003,1,401,Yearly,No,4
POL_0795,CUST_0795,Life,268228,4,738,Monthly,Yes,15
POL_0796,CUST_0796,Home,83169,7,63,Monthly,No,24
POL_0797,CUST_0797,Auto,270529,10,306,Monthly,No,3
POL_0798,CUST_0798,Home,453855,6,258,Monthly,No,16
POL_0799,CUST_0799,Health,263608,6,330,Monthly,Yes,23
POL_0800,CUST_0800,Life,244385,9,492,Yearly,No,20
POL_0801,CUST_0801,Health,199973,2,889,Yearly,No,1
POL_0802,CUST_0802,Health,110417,4,886,Yearly,Yes,30
POL_0803,CUST_0803,Health,11044,5,438,Yearly,Yes,11
POL_0804,CUST_0804,Auto,187763,1,666,Yearly,No,0
POL_0805,CUST_0805,Life,241807,8,532,Yearly,No,29
POL_0806,CUST_0806,Life,34363,8,196,Yearly,Yes,11
POL_0807,CUST_0807,Auto,318838,6,328,Monthly,No,11
POL_0808,CUST_0808,Life,404798,5,570,Quarterly,No,11
POL_0809,CUST_0809,Health,483126,8,679,Yearly,No,18
POL_0810,CUST_0810,Life,470060,3,655,Quarterly,No,24
POL_0811,CUST_0811,Auto,293445,3,483,Yearly,Yes,16
POL_0812,CUST_0812,Health,346473,2,193,Yearly,No,19
POL_0813,CUST_0813,Auto,11620,5,338,Monthly,Yes,23
POL_0814,CUST_0814,Home,334368,3,435,Quarterly,No,23
POL_0815,CUST_0815,Health,459871,3,63,Monthly,Yes,25
POL_0816,CUST_0816,Health,105419,6,306,Monthly,No,27
POL_0817,CUST_0817,Life,178606,8,395,Quarterly,Yes,10
POL_0818,CUST_0818,Health,392194,2,747,Monthly,No,12
POL_0819,CUST_0819,Auto,442606,4,394,Yearly,Yes,26
POL_0820,CUST_0820,Life,212701,7,449,Yearly,No,7
POL_0821,CUST_0821,Home,328000,1,256,Yearly,No,9
POL_0822,CUST_0822,Auto,190324,1,907,Yearly,Yes,7
POL_0823,CUST_0823,Home,327953,10,992,Yearly,Yes,19
POL_0824,CUST_0824,Home,32259,7,221,Monthly,Yes,7
POL_0825,CUST_0825,Home,30655,7,513,Monthly,Yes,8
POL_0826,CUST_0826,Health,436221,1,319,Yearly,Yes,6
POL_0827,CUST_0827,Auto,434845,1,270,Yearly,No,13
POL_0828,CUST_0828,Auto,426826,4,201,Monthly,Yes,27
POL_0829,CUST_0829,Health,460400,5,672,Quarterly,Yes,1
POL_0830,CUST_0830,Life,31602,5,232,Monthly,No,24
POL_0831,CUST_0831,Home,358089,4,448,Monthly,Yes,10
POL_0832,CUST_0832,Auto,152182,8,900,Monthly,Yes,7
POL_0833,CUST_0833,Health,409289,7,121,Monthly,Yes,12
POL_0834,CUST_0834,Home,372990,9,467,Monthly,No,20
POL_0835,CUST_0835,Life,352962,7,947,Quarterly,Yes,14
POL_0836,CUST_0836,Life,413411,10,332,Yearly,No,27
POL_0837,CUST_0837,Home,11537,1,123,Yearly,No,2
POL_0838,CUST_0838,Life,420354,7,404,Quarterly,Yes,22
POL_0839,CUST_0839,Auto,447544,1,776,Yearly,No,13
POL_0840,CUST_0840,Auto,266210,7,546,Yearly,Yes,29
POL_0841,CUST_0841,Auto,187274,10,377,Yearly,Yes,14
POL_0842,CUST_0842,Life,181236,8,584,Quarterly,Yes,1
POL_0843,CUST_0843,Auto,398689,9,629,Quarterly,Yes,28
POL_0844,CUST_0844,Health,99743,3,959,Yearly,Yes,18
POL_0845,CUST_0845,Auto,457875,4,496,Yearly,No,11
POL_0846,CUST_0846,Auto,96155,4,422,Yearly,No,24
POL_0847,CUST_0847,Life,452908,9,411,Monthly,No,19
POL_0848,CUST_0848,Auto,392342,7,142,Monthly,No,3
POL_0849,CUST_0849,Home,428061,3,370,Monthly,Yes,2
POL_0850,CUST_0850,Health,99846,10,373,Quarterly,Yes,4
POL_0851,CUST_0851,Life,244507,5,433,Yearly,No,2
POL_0852,CUST_0852,Health,302706,7,624,Quarterly,Yes,24
POL_0853,CUST_0853,Home,300180,8,785,Quarterly,No,14
POL_0854,CUST_0854,Life,201824,1,786,Quarterly,No,18
POL_0855,CUST_0855,Life,346377,2,930,Yearly,No,1
POL_0856,CUST_0856,Auto,93049,7,395,Monthly,No,11
POL_0857,CUST_0857,Health,249647,2,898,Yearly,Yes,4
POL_0858,CUST_0858,Home,340825,7,152,Yearly,Yes,21
POL_0859,CUST_0859,Home,299962,9,264,Quarterly,No,16
POL_0860,CUST_0860,Life,433760,2,241,Quarterly,No,13
POL_0861,CUST_0861,Auto,334676,7,721,Quarterly,No,27
POL_0862,CUST_0862,Life,481852,4,933,Monthly,No,26
POL_0863,CUST_0863,Life,329849,2,768,Monthly,No,21
POL_0864,CUST_0864,Life,30104,7,830,Monthly,Yes,9
POL_0865,CUST_0865,Life,396480,5,243,Yearly,No,2
POL_0866,CUST_0866,Home,137904,1,429,Quarterly,No,3
POL_0867,CUST_0867,Home,341747,5,452,Yearly,Yes,5
POL_0868,CUST_0868,Life,112499,3,713,Monthly,Yes,23
POL_0869,CUST_0869,Life,331169,7,798,Quarterly,Yes,30
POL_0870,CUST_0870,Auto,237336,6,649,Monthly,Yes,24
POL_0871,CUST_0871,Life,304461,8,60,Quarterly,Yes,21
POL_0872,CUST_0872,Home,434632,5,236,Quarterly,Yes,15
POL_0873,CUST_0873,Health,183084,2,775,Yearly,Yes,6
POL_0874,CUST_0874,Home,377729,9,64,Yearly,Yes,14
POL_0875,CUST_0875,Auto,471261,8,827,Monthly,Yes,29
POL_0876,CUST_0876,Home,162472,6,346,Yearly,No,20
POL_0877,CUST_0877,Health,320414,10,460,Yearly,Yes,29
POL_0878,CUST_0878,Life,213141,7,634,Yearly,No,27
POL_0879,CUST_0879,Health,129415,9,101,Quarterly,No,30
POL_0880,CUST_0880,Life,453049,7,689,Yearly,No,24
POL_0881,CUST_0881,Life,204716,3,77,Monthly,No,19
POL_0882,CUST_0882,Home,90206,6,626,Quarterly,No,25
POL_0883,CUST_0883,Home,341612,7,66,Quarterly,No,10
POL_0884,CUST_0884,Home,200545,2,400,Yearly,No,21
POL_0885,CUST_0885,Auto,449025,3,477,Quarterly,No,20
POL_0886,CUST_0886,Home,441544,4,699,Monthly,Yes,0
POL_0887,CUST_0887,Auto,440000,10,880,Monthly,No,4
POL_0888,CUST_0888,Home,33723,6,278,Quarterly,No,12
POL_0889,CUST_0889,Life,332790,1,815,Yearly,No,20
POL_0890,CUST_0890,Auto,207327,9,259,Yearly,No,13
POL_0891,CUST_0891,Health,10074,5,480,Quarterly,Yes,8
POL_0892,CUST_0892,Auto,265245,7,343,Monthly,No,16
POL_0893,CUST_0893,Auto,298642,9,792,Quarterly,Yes,14
POL_0894,CUST_0894,Health,206594,9,802,Yearly,Yes,20
POL_0895,CUST_0895,Auto,106881,1,631,Yearly,No,30
POL_0896,CUST_0896,Life,423757,1,153,Quarterly,No,6
POL_0897,CUST_0897,Home,55929,3,253,Monthly,Yes,26
POL_0898,CUST_0898,Health,133199,6,102,Quarterly,No,21
POL_0899,CUST_0899,Home,241525,2,989,Monthly,No,21
POL_0900,CUST_0900,Life,298172,10,424,Monthly,Yes,11
POL_0901,CUST_0901,Health,39545,1,891,Quarterly,Yes,22
POL_0902,CUST_0902,Home,89569,1,103,Quarterly,No,5
POL_0903,CUST_0903,Home,41673,5,325,Monthly,No,20
POL_0904,CUST_0904,Life,434190,4,384,Monthly,No,15
POL_0905,CUST_0905,Home,462115,1,80,Monthly,Yes,25
POL_0906,CUST_0906,Life,426313,4,184,Monthly,No,4
POL_0907,CUST_0907,Auto,374655,3,107,Yearly,Yes,8
POL_0908,CUST_0908,Life,365288,2,154,Quarterly,Yes,13
POL_0909,CUST_0909,Auto,336968,9,315,Monthly,No,7
POL_0910,CUST_0910,Health,33525,1,571,Quarterly,Yes,13
POL_0911,CUST_0911,Home,67804,7,545,Monthly,No,11
POL_0912,CUST_0912,Life,156115,4,302,Quarterly,No,30
POL_0913,CUST_0913,Life,51846,5,344,Quarterly,Yes,9
POL_0914,CUST_0914,Home,87261,10,717,Monthly,No,29
POL_0915,CUST_0915,Home,243312,5,207,Monthly,Yes,19
POL_0916,CUST_0916,Health,453443,1,598,Quarterly,Yes,19
POL_0917,CUST_0917,Health,194100,6,680,Quarterly,No,25
POL_0918,CUST_0918,Life,440599,9,116,Quarterly,No,20
POL_0919,CUST_0919,Health,301627,2,803,Yearly,No,12
POL_0920,CUST_0920,Auto,17265,7,348,Monthly,No,28
POL_0921,CUST_0921,Health,294907,6,512,Yearly,Yes,18
POL_0922,CUST_0922,Health,216724,5,774,Yearly,Yes,14
POL_0923,CUST_0923,Life,25733,4,869,Monthly,Yes,7
POL_0924,CUST_0924,Auto,384340,4,150,Monthly,No,22
POL_0925,CUST_0925,Health,101038,6,105,Yearly,Yes,20
POL_0926,CUST_0926,Auto,309564,4,381,Monthly,Yes,9
POL_0927,CUST_0927,Auto,150319,5,885,Quarterly,No,2
POL_0928,CUST_0928,Auto,427056,6,800,Quarterly,No,30
POL_0929,CUST_0929,Home,468365,5,442,Yearly,No,20
POL_0930,CUST_0930,Home,31058,7,792,Yearly,Yes,2
POL_0931,CUST_0931,Home,256301,9,923,Monthly,No,25
POL_0932,CUST_0932,Home,307073,10,430,Monthly,Yes,4
POL_0933,CUST_0933,Life,487387,7,141,Yearly,Yes,15
POL_0934,CUST_0934,Health,494380,7,840,Yearly,Yes,16
POL_0935,CUST_0935,Home,172434,4,496,Quarterly,Yes,5
POL_0936,CUST_0936,Life,96489,1,158,Quarterly,Yes,25
POL_0937,CUST_0937,Health,94664,8,366,Monthly,No,19
POL_0938,CUST_0938,Home,188428,4,217,Quarterly,Yes,19
POL_0939,CUST_0939,Health,87597,1,861,Monthly,No,15
POL_0940,CUST_0940,Home,278185,5,969,Monthly,Yes,23
POL_0941,CUST_0941,Life,88209,8,484,Monthly,Yes,1
POL_0942,CUST_0942,Auto,268109,4,491,Quarterly,No,19
POL_0943,CUST_0943,Auto,465170,8,267,Yearly,Yes,14
POL_0944,CUST_0944,Health,202941,8,271,Yearly,Yes,17
POL_0945,CUST_0945,Life,162131,3,722,Quarterly,No,0
POL_0946,CUST_0946,Auto,109864,9,577,Yearly,No,25
POL_0947,CUST_0947,Home,447938,3,327,Monthly,Yes,28
POL_0948,CUST_0948,Auto,158620,1,618,Yearly,Yes,28
POL_0949,CUST_0949,Health,418294,2,623,Quarterly,Yes,18
POL_0950,CUST_0950,Health,408635,6,924,Yearly,No,11
POL_0951,CUST_0951,Life,176562,10,515,Monthly,Yes,7
POL_0952,CUST_0952,Health,217158,2,888,Monthly,No,5
POL_0953,CUST_0953,Auto,125158,6,803,Quarterly,No,11
POL_0954,CUST_0954,Auto,461976,1,651,Quarterly,Yes,6
POL_0955,CUST_0955,Auto,433553,1,633,Quarterly,No,17
POL_0956,CUST_0956,Auto,11468,5,887,Monthly,Yes,21
POL_0957,CUST_0957,Life,296453,10,79,Yearly,Yes,13
POL_0958,CUST_0958,Home,469560,9,408,Yearly,No,7
POL_0959,CUST_0959,Home,493499,8,968,Quarterly,No,23
POL_0960,CUST_0960,Life,82255,3,337,Yearly,No,19
POL_0961,CUST_0961,Health,268078,3,135,Yearly,No,21
POL_0962,CUST_0962,Home,354043,1,283,Quarterly,No,13
POL_0963,CUST_0963,Health,38718,3,796,Quarterly,No,4
POL_0964,CUST_0964,Home,235409,1,362,Monthly,Yes,8
POL_0965,CUST_0965,Health,249967,8,414,Monthly,Yes,7
POL_0966,CUST_0966,Life,178913,1,826,Monthly,Yes,1
POL_0967,CUST_0967,Auto,476764,5,848,Monthly,No,27
POL_0968,CUST_0968,Health,224637,9,888,Yearly,No,15
POL_0969,CUST_0969,Auto,449876,7,954,Yearly,No,12
POL_0970,CUST_0970,Health,378697,4,318,Monthly,Yes,6
POL_0971,CUST_0971,Health,322425,9,747,Monthly,Yes,15
POL_0972,CUST_0972,Health,385595,9,180,Quarterly,No,6
POL_0973,CUST_0973,Health,257113,2,852,Yearly,No,26
POL_0974,CUST_0974,Health,272911,10,838,Yearly,No,13
POL_0975,CUST_0975,Auto,407111,10,881,Monthly,No,13
POL_0976,CUST_0976,Health,68026,6,400,Yearly,Yes,11
POL_0977,CUST_0977,Auto,390286,4,229,Quarterly,Yes,0
POL_0978,CUST_0978,Life,52968,8,851,Quarterly,Yes,0
POL_0979,CUST_0979,Home,181169,7,529,Yearly,No,11
POL_0980,CUST_0980,Health,418548,7,938,Monthly,Yes,19
POL_0981,CUST_0981,Home,155693,10,212,Yearly,No,20
POL_0982,CUST_0982,Auto,86870,9,832,Quarterly,No,14
POL_0983,CUST_0983,Life,28174,5,937,Monthly,No,3
POL_0984,CUST_0984,Life,396501,6,145,Yearly,Yes,6
POL_0985,CUST_0985,Life,371333,1,823,Monthly,Yes,15
POL_0986,CUST_0986,Home,50502,6,559,Monthly,No,2
POL_0987,CUST_0987,Auto,308818,2,414,Quarterly,Yes,6
POL_0988,CUST_0988,Health,47260,6,402,Monthly,No,28
POL_0989,CUST_0989,Health,445714,9,849,Yearly,No,23
POL_0990,CUST_0990,Auto,208681,8,485,Monthly,No,21
POL_0991,CUST_0991,Home,190536,9,132,Monthly,Yes,5
POL_0992,CUST_0992,Health,81805,10,274,Yearly,Yes,15
POL_0993,CUST_0993,Auto,205991,8,461,Quarterly,No,23
POL_0994,CUST_0994,Health,269636,3,784,Quarterly,Yes,7
POL_0995,CUST_0995,Life,195541,8,167,Yearly,Yes,22
POL_0996,CUST_0996,Health,27194,6,531,Yearly,Yes,21
POL_0997,CUST_0997,Home,167883,6,241,Quarterly,Yes,5
POL_0998,CUST_0998,Auto,344521,6,640,Monthly,No,9
POL_0999,CUST_0999,Home,140864,3,639,Yearly,Yes,15
POL_1000,CUST_1000,Auto,53723,10,708,Monthly,No,10
